original.taxa.name,cleaned.taxa.name.gna,cleaned.source.gna,manual
Chlorophyceae small colony,Chlorophyceae,Catalogue of Life,bumped
Chlorella + choricysits,NA,NA,na
Choricystis cf minor,Choricystis,Catalogue of Life,bumped
Choricystis minor,Choricystis,Catalogue of Life,bumped
Coelosphaerium kutzingii,Coelosphaerium,Catalogue of Life,bumped
Radiocystis aphaniticoidea,Radiocystis,Catalogue of Life,bumped
Chlorelloidea sp.,NA,NA,na
Schroederia antillarum,Schroederia,Catalogue of Life,bumped
Ulothrix barrel cell somtimes surounded by mucous,Ulothrix,Catalogue of Life,bumped
Kirchneriella subcapitata,Kirchneriella,Catalogue of Life,bumped
Chlorophyceae indetermined big,Chlorophyceae,Catalogue of Life,bumped
Didymocystis planctonica,Didymocystis,Catalogue of Life,bumped
Cf mantellum sp.,NA,NA,na
Cylindrospermum bourget03,Cylindrospermum,Catalogue of Life,bumped
Kirchneriella contorta,Kirchneriella,Catalogue of Life,bumped
Pseudokephyrion striatum,Pseudokephyrion,Catalogue of Life,bumped
Scenedesmus lunatus,Scenedesmus,Catalogue of Life,bumped
Crucigeniella rectangularis,Crucigeniella,Catalogue of Life,bumped
Aphanizomenon issatschenkoi,Aphanizomenon,EOL,bumped
Stomatocyst 130,NA,NA,na
Coenochloris pyrenoideum var. minimum,Coenochloris,Catalogue of Life,bumped
Tetrastrum punctatum,Tetrastrum,Catalogue of Life,bumped
Tetrastrum komarekii,Tetrastrum,Catalogue of Life,bumped
Stomatocyst 114,NA,NA,na
Ulothrix short cell and broken filament,Ulothrix,Catalogue of Life,bumped
Cell of dinobryon,NA,NA,na
Centric spp.,Centric,EOL,juvenile
Centric (cyclotella + stephanodiscus),NA,NA,na
Centric,Centric,EOL,juvenile
Heterothrix constricta,Heterothrix,Catalogue of Life,bumped
Ankyra flagellated zoospore,Ankyra,Catalogue of Life,bumped
Chrooccocus distans (4 cells),NA,NA,na
Cf. katodinium fongiforme,NA,NA,na
Dictyosphaerium cf tetrachotomum,Dictyosphaerium,Catalogue of Life,bumped
Kirchneriella dichotomococcoides,Kirchneriella,Catalogue of Life,bumped
Stomatocyst fr1,NA,NA,na
Coenochloris ovalis,Coenochloris,Catalogue of Life,bumped
Oscillatoria bourrellyi,Oscillatoria,Catalogue of Life,bumped
Stomatocyst sp.,NA,NA,na
Chlamydomonas cf botryospora,Chlamydomonas,Catalogue of Life,bumped
Volvocale 4 flagella,NA,NA,na
Scenedesmus spinosus,Scenedesmus,Catalogue of Life,bumped
Scenedesmus acutiformis,Scenedesmus,Catalogue of Life,bumped
Pediastrum biradiatum,Pediastrum,Catalogue of Life,bumped
Chlorophyceae indetermined small,Chlorophyceae,Catalogue of Life,bumped
Anabaena solitaria,Anabaena,Catalogue of Life,bumped
Cyst 1 of chrysophyceae,NA,NA,na
Bicoeca cylindrica,Bicoeca,EOL,bumped
Oedogonium large cell bourget03,Oedogonium,Catalogue of Life,bumped
Ulothrix long cell,Ulothrix,Catalogue of Life,bumped
Stokesiella epipyxis,Stokesiella,Catalogue of Life,bumped
Chromulina cf erkensis,Chromulina,Catalogue of Life,bumped
Scenedesmus protuberans,Scenedesmus,Catalogue of Life,bumped
Cyst chrysophycee,NA,NA,na
Salpingoeca minor,Salpingoeca,Catalogue of Life,bumped
Palmeacea sp.,NA,NA,na
Bicoeca cf. campanulata petit morphotype,Bicoeca,EOL,bumped
Epipyxis cylindrica,Epipyxis,Catalogue of Life,bumped
Fragilaria ulna var. acus,Fragilaria,EOL,bumped
Fotterella tetrachlorella,Fotterella,Catalogue of Life,bumped
Dinobryon anneciense,Dinobryon,Catalogue of Life,bumped
Bicoeca planctonica,Bicoeca,EOL,bumped
Cyst 2 of chrysophyceae,NA,NA,na
Polyedriopsis bitridens,Polyedriopsis,Catalogue of Life,bumped
Sphaerellopsis aulata,Sphaerellopsis,Catalogue of Life,bumped
Bicoeca campanulata,Bicoeca,EOL,bumped
Katodinium hiemale,Katodinium,EOL,bumped
Stomatocyst 153,NA,NA,na
Calycomonas pascheri,Calycomonas,Catalogue of Life,bumped
Cyst of dinobryon,NA,NA,na
Micro chlorophyceae,Micro,Catalogue of Life,bumped
Stomatocyst 2 spines,NA,NA,na
Cysts of chrysophyceae,NA,NA,na
Stomatocyst 219,NA,NA,na
Stomatocyst 5 spines,NA,NA,na
Cosmarium subsalsum,Cosmarium,Catalogue of Life,bumped
Ulothricophyceae sp.,NA,NA,na
Pseudostaurastrum alternans,Pseudostaurastrum,Catalogue of Life,bumped
Stomatocyst 3 spines,NA,NA,na
Stomatocyst 62,NA,NA,na
Stomatocyst 4 spines,NA,NA,na
Peridiniopsis umbonatum,Peridiniopsis,EOL,bumped
Cyst of chrysophyceaes,NA,NA,na
Fragilaria berolinensis,Fragilaria,EOL,bumped
Stomatocyst 6 spines,NA,NA,na
Peridinium inconspicuum var. contactum,Peridinium,EOL,bumped
Peridinium umbonatum,Peridinium,EOL,bumped
Cyst of ceratium hirundinella,NA,NA,na
Cyst of peridinien,NA,NA,na
Cosmarium pseudopyramidum,Cosmarium,Catalogue of Life,bumped
Gymnodinium umberrinum,Gymnodinium,Catalogue of Life,bumped
Ankistrodesmus convolutus,Ankistrodesmus,Catalogue of Life,bumped
Oscillatoria agardhii,Oscillatoria,Catalogue of Life,bumped
Oscillatoria lemmermanni,Oscillatoria,Catalogue of Life,bumped
Scenedesmus intermedius,Scenedesmus,Catalogue of Life,bumped
Deasonia gigantica,Deasonia,Catalogue of Life,bumped
Kephyrion gracilis,Kephyrion,Catalogue of Life,bumped
Oscillatoria minnesotensis,Oscillatoria,Catalogue of Life,bumped
Anabaena crassa,Anabaena,Catalogue of Life,bumped
Anabaena mendotae,Anabaena,Catalogue of Life,bumped
Aphanizomenon ovalisporum,Aphanizomenon,EOL,bumped
Kephyrion gracile,Kephyrion,Catalogue of Life,bumped
Gomphosphaeria pallidum,Gomphosphaeria,Catalogue of Life,bumped
Centric diatom,Centric diatom,EOL,juvenile
Chroomonas rosenbergii,Chroomonas,Catalogue of Life,bumped
Tetracystis chlorococcoides,Tetracystis,Catalogue of Life,bumped
Achnanthidium duthii,Achnanthidium,EOL,bumped
Achnanthes lapponica,Achnanthes,EOL,bumped
Achnanthes reimeri,Achnanthes,EOL,bumped
Amphora holsatica,Amphora,Catalogue of Life,bumped
Cymbella subcuspidata,Cymbella,EOL,bumped
Eunotia nymanii,Eunotia,EOL,bumped
Fragilaria elliptica,Fragilaria,EOL,bumped
Gomphonema geitleri,Gomphonema,EOL,bumped
Navicula subatomoides,Navicula,Catalogue of Life,bumped
Navicula canoris,Navicula,Catalogue of Life,bumped
Navicula utermhii,Navicula,Catalogue of Life,bumped
Navicula sublucidula,Navicula,Catalogue of Life,bumped
Navicula evanida,Navicula,Catalogue of Life,bumped
Navicula wienzierlii,Navicula,Catalogue of Life,bumped
Nitzschia lancetulla,Nitzschia,Catalogue of Life,bumped
Opephora martyi,Opephora,EOL,bumped
Rhopalodia operculata,Rhopalodia,EOL,bumped
Encyonema perpussilum,Encyonema,EOL,bumped
Luticola naviculoides,Luticola,EOL,bumped
Punctastriata pinnata,Punctastriata,EOL,bumped
Rossithidium duthii,Rossithidium,EOL,bumped
Encyonopsis evergladianum,Encyonopsis,EOL,bumped
Geissleria aikenensis,Geissleria,EOL,bumped
Cosmarium zygomorphum,Cosmarium,Catalogue of Life,bumped
Gonium sociale,Gonium,Catalogue of Life,bumped
Scenedesmus quadricuada,Scenedesmus,Catalogue of Life,bumped
Hapalosiphon hibernius,Hapalosiphon,Catalogue of Life,bumped
Lyngbya lattisima,Lyngbya,Catalogue of Life,bumped
Platessa hustedtii,Platessa,EOL,bumped
Pediastrum privum,Pediastrum,Catalogue of Life,bumped
Anabaena smithii,Anabaena,Catalogue of Life,bumped
Anabaena mucosa,Anabaena,Catalogue of Life,bumped
Dictyosphaerium tetrachotomum,Dictyosphaerium,Catalogue of Life,bumped
Synechococcus gracilis,Synechococcus,Catalogue of Life,bumped
Pediastrum kawraiskyi,Pediastrum,Catalogue of Life,bumped
Bulbochaeta,NA,NA,na
Amphiprora ornata,Amphiprora,EOL,bumped
Anabaena curva,Anabaena,Catalogue of Life,bumped
Peridiniopsis edax,Peridiniopsis,EOL,bumped
Chodatella citriformis,Chodatella,Catalogue of Life,bumped
Syncrypta perlata,Syncrypta,Catalogue of Life,bumped
Didymocystis planktonica,Didymocystis,Catalogue of Life,bumped
Phormidium splendens,Phormidium,Catalogue of Life,bumped
Stephanocodon socialis,Stephanocodon,EOL,bumped
Dictyosphaerium botrytella,Dictyosphaerium,Catalogue of Life,bumped
Heterothrix tenuissima,Heterothrix,Catalogue of Life,bumped
Merismopedia tenuis,Merismopedia,Catalogue of Life,bumped
Nannochloris atomus,Nannochloris,Catalogue of Life,bumped
Paralauterboniella,NA,NA,na
Stichtochironomus,NA,NA,na
Pseudosmittia subtriloba,Pseudosmittia,Catalogue of Life,bumped
Echinopus giboni,Echinopus,Catalogue of Life,bumped
Caenospella meridies,NA,NA,na
Caenospella,NA,NA,na
Hyalophlebia patnciae,Hyalophlebia,Catalogue of Life,bumped
Nadinatella,NA,NA,na
Polypedilum subgenus pentapedium,Polypedilum,Catalogue of Life,bumped
Polypedilum subgenus polypedilum,Polypedilum,Catalogue of Life,bumped
Afrolochus harrisoni,NA,NA,na
Madecocerus,NA,NA,na
Afroneurus ethiopicus,NA,NA,na
Adenophleboides,NA,NA,na
Ictinogomphus ruwenzorica,Ictinogomphus,Catalogue of Life,bumped
Ictinogomphus selysi,Ictinogomphus,Catalogue of Life,bumped
Ictinogomphus soror,Ictinogomphus,Catalogue of Life,bumped
Allocnemis singularis,Allocnemis,Catalogue of Life,bumped
Ehteria elliptica,NA,NA,na
Chaoborus (sayomyia),Chaoborus,Catalogue of Life,bumped
Clogmia albopuncta,Clogmia,Catalogue of Life,bumped
Thaumeliidae,NA,NA,na
Bosmina liederi/longirostris,Bosmina,Catalogue of Life,bumped
Bosminids spp.,NA,NA,na
Bythotrephes longimanus-(total),Bythotrephes,Catalogue of Life,bumped
Bythotrephes longimanus-(core),Bythotrephes,Catalogue of Life,bumped
Bythotrephes longimanus-(spine),Bythotrephes,Catalogue of Life,bumped
Ceriopdaphnia sp.,NA,NA,na
Cyclops abyssorum,Cyclops abyssorum,Catalogue of Life,juvenile
Cyclops bicuspidatus,Cyclops bicuspidatus,Catalogue of Life,juvenile
Cyclops bicuspidatus-thomasi,Cyclops bicuspidatus-thomasi,EOL,juvenile
Cyclops bohater,Cyclops bohater,Catalogue of Life,juvenile
Cyclops kolensis,Cyclops kolensis,Catalogue of Life,juvenile
Cyclops leuckarti,Cyclops leuckarti,Catalogue of Life,juvenile
Cyclops leuckarti-(m),Cyclops,Catalogue of Life,bumped
Cyclops scutifer,Cyclops scutifer,Catalogue of Life,juvenile
Cyclops strenuus,Cyclops strenuus,Catalogue of Life,juvenile
Cyclops vernalis,Cyclops vernalis,Catalogue of Life,juvenile
Cyclops vicinus,Cyclops vicinus,Catalogue of Life,juvenile
Daphniids spp.,NA,NA,na
Diaptomiids spp.,NA,NA,na
Diaptomus graciloides-(m),Diaptomus,Catalogue of Life,bumped
Harpacticoids spp.,NA,NA,na
Cyclops furcifer,Cyclops furcifer,Catalogue of Life,juvenile
Cyclops lacustris,Cyclops lacustris,Catalogue of Life,juvenile
Cyclops insignis,Cyclops insignis,Catalogue of Life,juvenile
Copepodit calanoida,NA,NA,na
Copepodit cyclopoida,NA,NA,na
Nauplii copepoda,NA,NA,na
Chlorella minutissima,Chlorella,Catalogue of Life,bumped
Scenedesmus granulatus f. spinosus,Scenedesmus,Catalogue of Life,bumped
Kephyrion elegans,Kephyrion,Catalogue of Life,bumped
Kephyrion welshii,Kephyrion,Catalogue of Life,bumped
Synochromonas elaeochrus,Synochromonas,Catalogue of Life,bumped
Tetradriella,NA,NA,na
Achnanthidium rosenstockianum,Achnanthidium,EOL,bumped
Cyclotella distinguenda-unipunctata,Cyclotella,EOL,bumped
Fragilaria delicatissima,Fragilaria,EOL,bumped
Fallacia difficillimoides,Fallacia,Catalogue of Life,bumped
Gomphonema ba var. icum,Gomphonema,EOL,bumped
Luticola kotschyi,Luticola,EOL,bumped
Luticola af f mutica,Luticola,EOL,bumped
Nitzschia dianae,Nitzschia,Catalogue of Life,bumped
Naviculadicta vitabunda,Naviculadicta,EOL,bumped
Naviculadicta schmassmannii,Naviculadicta,EOL,bumped
Naviculadicta laterostrata,Naviculadicta,EOL,bumped
Naviculadicta seminulum,Naviculadicta,EOL,bumped
Synedrella subconstricta,Synedrella,Catalogue of Life,bumped
Surirella helvetica,Surirella,EOL,bumped
Staurosira berolinensis,Staurosira,EOL,bumped
Unknown,Unknown,EOL,unknown
Cyclops sp,Cyclops,Catalogue of Life,juvenile
Cyclopoid copepod,NA,NA,na
Limnomonas gaiensis,Limnomonas,EOL,bumped
Cyclops sp.,Cyclops,Catalogue of Life,juvenile
Harpacticoid sp.,NA,NA,na
Calanoid,NA,NA,na
Cyclopoid,NA,NA,na
Nauplii,NA,NA,na
Mosquito,NA,NA,na
Stonefly,NA,NA,na
Mayfly,NA,NA,na
Beetle,NA,NA,na
Unknown rotifer,Unknown,EOL,bumped
Mite,Mite,EOL,juvenile
Pseudokirchneriella subcapitata,Pseudokirchneriella,Catalogue of Life,bumped
Oscillatoria jovis,Oscillatoria,Catalogue of Life,bumped
Anabena,NA,NA,na
Golden flagellates,Golden,EOL,bumped
Euglena small,Euglena,Catalogue of Life,bumped
Bdelodea,NA,NA,na
Synechoccus,NA,NA,na
Non identified ciliate,NA,NA,na
Small scuticociliata,NA,NA,na
Tintinidium sp.,NA,NA,na
Copepod nauplii,Copepod,EOL,bumped
Polyarthra aff. vulgaris,Polyarthra,Catalogue of Life,bumped
Trichocerca dixon nuttali,Trichocerca,Catalogue of Life,bumped
Cyclopoida nauplii,Cyclopoida,Catalogue of Life,bumped
Cyclopoida copepodid,Cyclopoida,Catalogue of Life,bumped
Small greens,NA,NA,na
Small chrysophytes,NA,NA,na
Copepodite,NA,NA,na
Ciclopoida,NA,NA,na
Chlorococcoum sp.,NA,NA,na
Neochloris oleoabundans,Neochloris,Catalogue of Life,bumped
Euglenofita,NA,NA,na
Peridinial,NA,NA,na
Plagioselmis nannoplanctonica,Plagioselmis,Catalogue of Life,bumped
Fitoflagelado,NA,NA,na
Carteria compressa,Carteria,Catalogue of Life,bumped
Chlamydomonas lobata,Chlamydomonas,Catalogue of Life,bumped
Volvocal sp.2,NA,NA,na
Volvocal sp.1,NA,NA,na
Dinoflagelado desnudo,NA,NA,na
Phacus agilis,Phacus,Catalogue of Life,bumped
Raphydophyta,NA,NA,na
Pseudocuadrigula sp,NA,NA,na
Polynucleobacterwuianus,NA,NA,na
Polynucleobacterasymbioticus,NA,NA,na
Polynucleobacterduraquae,NA,NA,na
Polynucleobactersinensis,NA,NA,na
Polynucleobacteryangtzensis,NA,NA,na
Bothriococcus,NA,NA,na
Nitzchia,NA,NA,na
Trichodina diaptomi,Trichodina,Catalogue of Life,bumped
Clamydomonas sajao,NA,NA,na
Planctonema lacustris,Planctonema,Catalogue of Life,bumped
Small flagelates,NA,NA,na
Asplachna sp.,NA,NA,na
Chrysomonad,NA,NA,na
Chlamydocapsa cingulata,Chlamydocapsa,Catalogue of Life,bumped
Vorticella aquadulcis,Vorticella,Catalogue of Life,bumped
Coconeis sp.,NA,NA,na
Kirchneriella bibraiana,Kirchneriella,Catalogue of Life,bumped
Volvocales,Volvocales,Catalogue of Life,juvenile
Dolichospermum variabilis,Dolichospermum,EOL,bumped
Heterolepadella ehrenbergi,Heterolepadella,EOL,bumped
Oscillatoria rosea,Oscillatoria,Catalogue of Life,bumped
Lecane lunaris ehrenberg,Lecane,Catalogue of Life,bumped
Lecane quadridentata ehrenberg,Lecane,Catalogue of Life,bumped
Macrochetus sp.,NA,NA,na
Nauplii cyclopoida,NA,NA,na
Nauplii calanoida,NA,NA,na
Nauplii harpacticoida,NA,NA,na
Cyclopoida copepodite,Cyclopoida,Catalogue of Life,bumped
Acutodesmus acuminatus,Acutodesmus,Catalogue of Life,bumped
Akanthochloris ssp,NA,NA,na
Amphidinium geitleri,Amphidinium,EOL,bumped
Amphidinium lohammari,Amphidinium,EOL,bumped
Aphanothece endophytica,Aphanothece,Catalogue of Life,bumped
Artrospira ssp,NA,NA,na
Astasia vacuolata,Astasia,Catalogue of Life,bumped
Bicosoeca lauterbornii,Bicosoeca,EOL,bumped
Borzia endophytica,Borzia,Catalogue of Life,bumped
Carteria sphaerica,Carteria,Catalogue of Life,bumped
Centritractus globulosus,Centritractus,Catalogue of Life,bumped
Centritractus pseudobrunneus,Centritractus,Catalogue of Life,bumped
Centritractus rotundatus,Centritractus,Catalogue of Life,bumped
Centritractus selliferus,Centritractus,Catalogue of Life,bumped
Characiopsis aculeata,Characiopsis,Catalogue of Life,bumped
Characiopsis crassirostrum,Characiopsis,Catalogue of Life,bumped
Characiopsis obliqua,Characiopsis,Catalogue of Life,bumped
Characiopsis spina,Characiopsis,Catalogue of Life,bumped
Characiopsis varians,Characiopsis,Catalogue of Life,bumped
Characiopsis ventricosa,Characiopsis,Catalogue of Life,bumped
Characium subconstrictum,Characium,Catalogue of Life,bumped
Chlorangiopsis systylis,Chlorangiopsis,Catalogue of Life,bumped
Chlorella saccharophila,Chlorella,Catalogue of Life,bumped
Chromulina crassa,Chromulina,Catalogue of Life,bumped
Chroococcus siderochlamys,Chroococcus,Catalogue of Life,bumped
Chroostipes linearis,NA,NA,na
Chrysamoeba scherffelii,Chrysamoeba,Catalogue of Life,bumped
Chrysochromulina brevifilum,Chrysochromulina,Catalogue of Life,bumped
Chrysochromulina chiton,Chrysochromulina,Catalogue of Life,bumped
Chrysochromulina ericina,Chrysochromulina,Catalogue of Life,bumped
Chrysochromulina fragaria,Chrysochromulina,Catalogue of Life,bumped
Chrysochromulina hirta,Chrysochromulina,Catalogue of Life,bumped
Chrysochromulina kappa,Chrysochromulina,Catalogue of Life,bumped
Chrysochromulina minor,Chrysochromulina,Catalogue of Life,bumped
Chrysococcus ovoides,Chrysococcus,Catalogue of Life,bumped
Chrysoxys rhizopodica,Chrysoxys,Catalogue of Life,bumped
Coccomyxa lunaris,Coccomyxa,Catalogue of Life,bumped
Coenochloris diplococca,Coenochloris,Catalogue of Life,bumped
Coenochloris mucosa,Coenochloris,Catalogue of Life,bumped
Coenochloris polycocca,Coenochloris,Catalogue of Life,bumped
Coenocystis diplococca,Coenocystis,Catalogue of Life,bumped
Crucigeniella neglecta,Crucigeniella,Catalogue of Life,bumped
Cryptomonas butschlii,Cryptomonas,Catalogue of Life,bumped
Desmarella sphaeroidea,Desmarella,Catalogue of Life,bumped
Diacanthos belenophorus,Diacanthos,Catalogue of Life,bumped
Dictyosphaerium anomalum,Dictyosphaerium,Catalogue of Life,bumped
Dictyosphaerium sphagnale,Dictyosphaerium,Catalogue of Life,bumped
Diplochloris hortobagyi,Diplochloris,Catalogue of Life,bumped
Euglena gigas,Euglena,Catalogue of Life,bumped
Euglena spatirhyncha,Euglena,Catalogue of Life,bumped
Glenodinium foliaceum,Glenodinium,EOL,bumped
Gloeococcus planctogloea,Gloeococcus,Catalogue of Life,bumped
Gymnodinium acuminatum,Gymnodinium,Catalogue of Life,bumped
Gymnodinium chlorophorum,Gymnodinium,Catalogue of Life,bumped
Gymnodinium fissum,Gymnodinium,Catalogue of Life,bumped
Gymnodinium halophilum,Gymnodinium,Catalogue of Life,bumped
Gymnodinium tenuissimum,Gymnodinium,Catalogue of Life,bumped
Gymnodinium uncatenatum,Gymnodinium,Catalogue of Life,bumped
Katodinium bohemicum,Katodinium,EOL,bumped
Katodinium schilleri,Katodinium,EOL,bumped
Katodinium spirodinioides,Katodinium,EOL,bumped
Kephyrion haemispaericum,Kephyrion,Catalogue of Life,bumped
Kephyriopsis entzii,Kephyriopsis,EOL,bumped
Keratococcus braunii,Keratococcus,Catalogue of Life,bumped
Kirchneriella concorta,Kirchneriella,Catalogue of Life,bumped
Kirchneriella rotunda,Kirchneriella,Catalogue of Life,bumped
Leiblenia ssp,NA,NA,na
Leptolyngbya edaphica,Leptolyngbya,Catalogue of Life,bumped
Leptolyngbya rivularium,Leptolyngbya,Catalogue of Life,bumped
Leptolyngbya tenius,Leptolyngbya,Catalogue of Life,bumped
Mallomonas bacterium,NA,NA,na
Menoidium costatum,Menoidium,Catalogue of Life,bumped
Microglena subglobosa,Microglena,Catalogue of Life,bumped
Monallanthus ssp,NA,NA,na
Nephrocytium allonthoideum,Nephrocytium,Catalogue of Life,bumped
Nephroselmis pelagica,Nephroselmis,Catalogue of Life,bumped
Ochromonas coronifera,Ochromonas,Catalogue of Life,bumped
Ochromonas nana,Ochromonas,Catalogue of Life,bumped
Ochromonas ornata,Ochromonas,Catalogue of Life,bumped
Ochromonas sociabilis,Ochromonas,Catalogue of Life,bumped
Ochromonas sphaerella,Ochromonas,Catalogue of Life,bumped
Oocystis ecballocystiformis,Oocystis,Catalogue of Life,bumped
Oocystis taionensis,Oocystis,Catalogue of Life,bumped
Peridiniopsis reticulata,Peridiniopsis,EOL,bumped
Podohedra falcata,Podohedra,Catalogue of Life,bumped
Polygoniochloris tetragona,Polygoniochloris,Catalogue of Life,bumped
Porphyrosihon ssp,NA,NA,na
Prismatella parvulus,Prismatella,Catalogue of Life,bumped
Protococcus wimmeri,Protococcus,Catalogue of Life,bumped
Pseudochlorangium anomalum,Pseudochlorangium,Catalogue of Life,bumped
Pseudodictyosphaerium elegans,Pseudodictyosphaerium,Catalogue of Life,bumped
Pseudokephyrion gallicum,Pseudokephyrion,Catalogue of Life,bumped
Pseudokephyrion inflatum,Pseudokephyrion,Catalogue of Life,bumped
Pseudokephyrion pilidum,Pseudokephyrion,Catalogue of Life,bumped
Pseudokephyrion urnula,Pseudokephyrion,Catalogue of Life,bumped
Scenedesmus bellospinosus,Scenedesmus,Catalogue of Life,bumped
Scenedesmus columnatus,Scenedesmus,Catalogue of Life,bumped
Scenedesmus costatus,Scenedesmus,Catalogue of Life,bumped
Scenedesmus intermedius var. acutispinus,Scenedesmus,Catalogue of Life,bumped
Scenedesmus pectinatus,Scenedesmus,Catalogue of Life,bumped
Scenedesmus pleiomorphus,Scenedesmus,Catalogue of Life,bumped
Scenedesmus pseudohelveticus,Scenedesmus,Catalogue of Life,bumped
Scenedesmus raciborskii,Scenedesmus,Catalogue of Life,bumped
Scenedesmus tortuosus,Scenedesmus,Catalogue of Life,bumped
Siderocystopsis fusca,Siderocystopsis,Catalogue of Life,bumped
Sphaerellopsis gloeosphaera,Sphaerellopsis,Catalogue of Life,bumped
Sphaerellopsis lateralis,Sphaerellopsis,Catalogue of Life,bumped
Sphaerellopsis mucosa,Sphaerellopsis,Catalogue of Life,bumped
Sphaerellopsis velata,Sphaerellopsis,Catalogue of Life,bumped
Spiniferomonas serrata,Spiniferomonas,Catalogue of Life,bumped
Stokesiella minutissima,Stokesiella,Catalogue of Life,bumped
Stylochrysalis libera,Stylochrysalis,Catalogue of Life,bumped
Syncrypta elaeochrus,Syncrypta,Catalogue of Life,bumped
Tetrablepharis obovalis,Tetrablepharis,Catalogue of Life,bumped
Tetrademus ssp,NA,NA,na
Tetraedron schmidlei,Tetraedron,Catalogue of Life,bumped
Tetraerdon caudatum,NA,NA,na
Tetraerdon triangulare,NA,NA,na
Tetraselmis elegans,Tetraselmis,Catalogue of Life,bumped
Uroglena eustylis,Uroglena,Catalogue of Life,bumped
A sterionella formosa,NA,NA,na
Cryptornonas erosa,NA,NA,na
Cryptornonas ovata,NA,NA,na
Gymnodiniurn sp .,NA,NA,na
Chrooccocus turgidus,NA,NA,na
Daphnia ambiuga,Daphnia,Catalogue of Life,bumped
Gleocapsa sp.,NA,NA,na
Planktothrix aghardii,Planktothrix,Catalogue of Life,bumped
Borgheillia dodgei,NA,NA,na
Polyarthra dolycoptera,Polyarthra,Catalogue of Life,bumped
Synchatea pectinata,NA,NA,na
Cymbopleura solea,Cymbopleura,EOL,bumped
Tetrastnun staurogeniaeforme,NA,NA,na
Crucigenia divergens,Crucigenia,Catalogue of Life,bumped
Thalassiosira cleve sp.1,NA,NA,na
Actinastrwn fluviatile,NA,NA,na
Tetrastrumelegans playfair,NA,NA,na
Synedra acusvar,Synedra,EOL,bumped
Desmodesmus obliquus,Desmodesmus,Catalogue of Life,bumped
Pyxicola ovata,Pyxicola,Catalogue of Life,bumped
Pyxicola psammata,Pyxicola,Catalogue of Life,bumped
Acantholebris cruvirostris,NA,NA,na
Calanoid copepodid,NA,NA,na
Cyclopoid copepodid,NA,NA,na
Cyclops columbianus,Cyclops columbianus,Catalogue of Life,juvenile
Harpacticoid,NA,NA,na
Onychodiaptomus singuienus,Onychodiaptomus,Catalogue of Life,bumped
Ostracod,NA,NA,na
Unapertura latens,NA,NA,na
Closterium archearium,Closterium,Catalogue of Life,bumped
Closterium bayllianum,Closterium,Catalogue of Life,bumped
Cosmarium formosum,Cosmarium,Catalogue of Life,bumped
Sphaerozosma umbertianum,Sphaerozosma,Catalogue of Life,bumped
Staurastrum brebbisonii,Staurastrum,Catalogue of Life,bumped
Staurastrum symonii,Staurastrum,Catalogue of Life,bumped
Cyclops abyssorum copodites stage i,Cyclops stygius,Catalogue of Life,juvenile
Cyclops abyssorum copodites stage ii,Cyclops,Catalogue of Life,bumped
Calanoid nauplii,NA,NA,na
Copepd nauplii,NA,NA,na
Cyclopoid copepodites,NA,NA,na
Cyclotella praeterissima,Cyclotella,EOL,bumped
Oscillatoria amphigranulata,Oscillatoria,Catalogue of Life,bumped
Skeletonema costatuni,Skeletonema,EOL,bumped
Daphnia coregoni,Daphnia,Catalogue of Life,bumped
Calanus jinrnarchicus,Calanus,Catalogue of Life,bumped
Pseudodiaptornus hessei,NA,NA,na
Pseudencentrum cf. diglandula,NA,NA,na
Pseudencentrum cf. sutor,NA,NA,na
Mixed ciliates,Mixed,EOL,bumped
Strobilidium acutum,Strobilidium,Catalogue of Life,bumped
Small mixed ciliates,NA,NA,na
Staurophyra spp.,NA,NA,na
Brachionus tubicen,Brachionus,Catalogue of Life,bumped
Brachionusquadridentatus,NA,NA,na
Graptoleberis occidentalis,Graptoleberis,Catalogue of Life,bumped
Macrothris sp,NA,NA,na
Monommata ardnti,Monommata,Catalogue of Life,bumped
Monommata ventralis,Monommata,Catalogue of Life,bumped
Coccoid oval,NA,NA,na
Coccoid sphere,NA,NA,na
Oocystis gigas var. incrassata,Oocystis,Catalogue of Life,bumped
Unidentified chrysophyte flagellate,NA,NA,na
Unidentified chrysophyte ovoid,NA,NA,na
Unidentified coccoid cyanophyta,NA,NA,na
Unidentified coccoid spherical,NA,NA,na
Unidentified colonial greens,NA,NA,na
Unidentified flagellate,NA,NA,na
Unidentified flagellate ovoid,NA,NA,na
Unidentified flagellates fusiform,NA,NA,na
Unidentified pennales,NA,NA,na
Unidentified centrales,NA,NA,na
Dictosphaerium ehrenbergainum,NA,NA,na
Eutetramorus polycoccus,Eutetramorus,Catalogue of Life,bumped
Geminella terricola,Geminella,Catalogue of Life,bumped
Ceriodaphnia quadrangular,Ceriodaphnia,Catalogue of Life,bumped
Anabaena ucrainica,Anabaena,Catalogue of Life,bumped
Diaphanosoma edmondsoni,Diaphanosoma,Catalogue of Life,bumped
Diaphanosoma kizakiensis,Diaphanosoma,Catalogue of Life,bumped
Moina siamensis,Moina,Catalogue of Life,bumped
Nauplius,Nauplius,Catalogue of Life,juvenile
Cyclops,Cyclops,Catalogue of Life,juvenile
Tintionnopsis,NA,NA,na
Cyclopoids,NA,NA,na
Oscillatoria trichoides,Oscillatoria,Catalogue of Life,bumped
Lepocinclis conica,Lepocinclis,Catalogue of Life,bumped
Menoidium semilunare var. regulare,Menoidium,Catalogue of Life,bumped
Phacus agilis var. inversus,Phacus,Catalogue of Life,bumped
Strombomonas inconstans,Strombomonas,Catalogue of Life,bumped
Strombomonas subcurvata var. africana,Strombomonas,Catalogue of Life,bumped
Trachelomonas hexangulata var. hexagona,Trachelomonas,Catalogue of Life,bumped
Trachelomonas verrucosa f. sparseornata,Trachelomonas,Catalogue of Life,bumped
Aulacomonas submarina,Aulacomonas,Catalogue of Life,bumped
Chlamydomonas incisa,Chlamydomonas,Catalogue of Life,bumped
Pseudopediastrum subgranulatum,Pseudopediastrum,Catalogue of Life,bumped
Pteromonas rugosa,Pteromonas,Catalogue of Life,bumped
Scenedesmus protuberans f. danubianus,Scenedesmus,Catalogue of Life,bumped
Scenedesmus protuberans var. minor,Scenedesmus,Catalogue of Life,bumped
Sphaerellopsis aglo,Sphaerellopsis,Catalogue of Life,bumped
Actinastrum aciculare f minimum,Actinastrum,Catalogue of Life,bumped
Actinastrum hantzschii f minima,Actinastrum,Catalogue of Life,bumped
Aphanocapsa/aphanothece,NA,NA,na
Aphanothece minuttisima,Aphanothece,Catalogue of Life,bumped
Chlamydomonas cf obergurbiglii,Chlamydomonas,Catalogue of Life,bumped
Chlamydophyceae 2,Chlamydophyceae,EOL,bumped
Chlamydophyceae 5,Chlamydophyceae,EOL,bumped
Chlorella homosphaera,Chlorella,Catalogue of Life,bumped
Chlorobium saxatile,Chlorobium,Catalogue of Life,bumped
Chlorococal sp1,NA,NA,na
Chlorococcal 1,NA,NA,na
Chlorococcales 5,Chlorococcales,Catalogue of Life,bumped
Chlorococcales 6,Chlorococcales,Catalogue of Life,bumped
Chlorocystis minor,Chlorocystis,Catalogue of Life,bumped
Chlorolobium cf lunulatum,Chlorolobium,EOL,bumped
Chloromonas cf flos-aquae,Chloromonas,Catalogue of Life,bumped
Chlorophyceae 1,Chlorophyceae,Catalogue of Life,bumped
Chlorophyceae 1 (fla),Chlorophyceae,Catalogue of Life,bumped
Chlorophyceae 2 (fla),Chlorophyceae,Catalogue of Life,bumped
Chlorophyceae 8,Chlorophyceae,Catalogue of Life,bumped
Choricystis gutulla,Choricystis,Catalogue of Life,bumped
Chromulina cf ettlii,Chromulina,Catalogue of Life,bumped
Chromulina cf gyrans,Chromulina,Catalogue of Life,bumped
Chromulina gyrans,Chromulina,Catalogue of Life,bumped
Chromulina ovaloides,Chromulina,Catalogue of Life,bumped
Ekrenia subguiciliata,NA,NA,na
Chromulina/chrysococcus,NA,NA,na
Chroococcal,NA,NA,na
Chroococus cf pescottii,NA,NA,na
Chroocodiopsis sp,NA,NA,na
Chrysophyceae 10,Chrysophyceae,Catalogue of Life,bumped
Chrysophyceae 11,Chrysophyceae,Catalogue of Life,bumped
Chrysophyceae 2,Chrysophyceae,Catalogue of Life,bumped
Chrysophyceae 3,Chrysophyceae,Catalogue of Life,bumped
Chrysophyceae 4,Chrysophyceae,Catalogue of Life,bumped
Chrysophyceae 5,Chrysophyceae,Catalogue of Life,bumped
Chrysophyceae 6,Chrysophyceae,Catalogue of Life,bumped
Chrysophyceae 7,Chrysophyceae,Catalogue of Life,bumped
Chrysophyceae 8,Chrysophyceae,Catalogue of Life,bumped
Chrysophyceae 9,Chrysophyceae,Catalogue of Life,bumped
Chrysophyceae ni,Chrysophyceae,Catalogue of Life,bumped
Chrysophyceae/xanthophyceae,NA,NA,na
Closterium/closteriopsis,NA,NA,na
Coelastrum spx org,Coelastrum,Catalogue of Life,bumped
Coelomorom microcystoides/eucapsis parallelepipedon,NA,NA,na
Coelomoron/woronchinia 2,NA,NA,na
Coelomorum cf tropicale,Coelomorum,EOL,bumped
Coelomorum pusillum,Coelomorum,EOL,bumped
Coenochloris planconvexa,Coenochloris,Catalogue of Life,bumped
Coenocystis/oocystis,NA,NA,na
Cryptochrysis cf pochmanni,Cryptochrysis,Catalogue of Life,bumped
Cryptoficea (flageado 2),NA,NA,na
Cryptoficea 5,NA,NA,na
Cryptophyceae 1,Cryptophyceae,Catalogue of Life,bumped
Cryptophyceae 7,Cryptophyceae,Catalogue of Life,bumped
Desmatractrum sp,NA,NA,na
Diatomococcus/tetralitris,NA,NA,na
Dinoflagelado menor,NA,NA,na
Dinoflagelado/peridinium,NA,NA,na
Dinophyceae 1,Dinophyceae,Catalogue of Life,bumped
Dinophyceae 2,Dinophyceae,Catalogue of Life,bumped
Dinophyceae 3,Dinophyceae,Catalogue of Life,bumped
Dinophyceae 4,Dinophyceae,Catalogue of Life,bumped
Dinophyceae 5,Dinophyceae,Catalogue of Life,bumped
Dinophyceae 7,Dinophyceae,Catalogue of Life,bumped
Dinophyceae 8,Dinophyceae,Catalogue of Life,bumped
Dolichospermum bergii,Dolichospermum,EOL,bumped
Dolichospermum fertilissima,Dolichospermum,EOL,bumped
Dolichospermum flos aquae,Dolichospermum,EOL,bumped
Elakatotrix americana x cel,NA,NA,na
Euglena polymorfa,Euglena,Catalogue of Life,bumped
Euglenophyceae 1,Euglenophyceae,Catalogue of Life,bumped
Eunotia (aff),Eunotia,EOL,bumped
Fragilaria construens/breviestriata,Fragilaria,EOL,bumped
Fragilaria/synedra,NA,NA,na
Geminella/binuclearia,NA,NA,na
Glaucospira laxissima/spirulina,Glaucospira,EOL,bumped
Gloeocystis gigas x org,NA,NA,na
Golenkinia/ golenkiniopsis 1,NA,NA,na
Golenkinia/ golenkiniopsis 2,NA,NA,na
Golenkinia/golenkiniopsis sp3,NA,NA,na
Gymnodiniales 2,Gymnodiniales,Catalogue of Life,bumped
Hemidinium aff brasiliense,Hemidinium,EOL,bumped
Kirchneriella cfobesa,Kirchneriella,Catalogue of Life,bumped
Kirchneriella contorta varelongata,Kirchneriella,Catalogue of Life,bumped
Lagherimia subsalsa lemm,NA,NA,na
Lemermaniella sp1,NA,NA,na
Lemmermmaniella pallida,NA,NA,na
Leptolyngybya angusta/ercejovicii,NA,NA,na
Merismopedia x  org,Merismopedia,Catalogue of Life,bumped
Microcystis aeruginosa x org,NA,NA,na
Microcystis tenuissima,Microcystis,Catalogue of Life,bumped
Monodus aff clavata,Monodus,Catalogue of Life,bumped
Monodus curvata,Monodus,Catalogue of Life,bumped
Nanofla no id,NA,NA,na
Naviculoide 1,NA,NA,na
Naviculoide 3 (brachysira),NA,NA,na
Nitzschioide 2,NA,NA,na
Nitzschioide 4,NA,NA,na
Nitzschioides,NA,NA,na
Ochromonadales 1,Ochromonadales,Catalogue of Life,bumped
Ochromonadales 2,Ochromonadales,Catalogue of Life,bumped
Ochromonas cf sphaerella,Ochromonas,Catalogue of Life,bumped
Octacanthiumoctocorne,NA,NA,na
Oscillatoriales 1,Oscillatoriales,Catalogue of Life,bumped
Pediastrum cf privum,Pediastrum,Catalogue of Life,bumped
Pennada,NA,NA,na
Pennada sp4,NA,NA,na
Pennal sp,NA,NA,na
Pennales 12,Pennales,EOL,bumped
Pennales 16,Pennales,EOL,bumped
Pennales 20,Pennales,EOL,bumped
Pennales 22,Pennales,EOL,bumped
Pennales 25,Pennales,EOL,bumped
Pennales 26,Pennales,EOL,bumped
Pennales 29,Pennales,EOL,bumped
Pennales 3,Pennales,EOL,bumped
Pennales 30,Pennales,EOL,bumped
Pennales 4,Pennales,EOL,bumped
Pennales 9,Pennales,EOL,bumped
Peridinium incospicum,Peridinium,EOL,bumped
Peridinium umbonatum (com espinho),Peridinium,EOL,bumped
Peridinium umbonatum (sem espinho),Peridinium,EOL,bumped
Peridinium/gyrodinium,NA,NA,na
Pico chloro flagelado 1,NA,NA,na
Pico chloro gota,NA,NA,na
Pico chryso 2,NA,NA,na
Pico chryso 3,NA,NA,na
Pico chryso 4,NA,NA,na
Pico chryso fla 1,NA,NA,na
Pico ni esferoide,NA,NA,na
Pico ni flagelado 1,NA,NA,na
Planktolynbya/eubacteria,NA,NA,na
Pseudanabaena aff moniliformis,Pseudanabaena,Catalogue of Life,bumped
Pseudanabaena capillaris,Pseudanabaena,Catalogue of Life,bumped
Pseudodictyosphaerium jurisii,Pseudodictyosphaerium,Catalogue of Life,bumped
Pseudopedinella hexacostata,Pseudopedinella,Catalogue of Life,bumped
Raphidiopsis/cylindrospermopsis,NA,NA,na
Raphidophyceae 1,Raphidophyceae,Catalogue of Life,bumped
Raphidophyceae 2,Raphidophyceae,Catalogue of Life,bumped
Rhabdoderma afflineare,Rhabdoderma,Catalogue of Life,bumped
Roichosphaeria (aff),NA,NA,na
Romeria cilindrocelullaris,Romeria,Catalogue of Life,bumped
Scenedesmus intermedius chod,Scenedesmus,Catalogue of Life,bumped
Schroederia cf antillarum,Schroederia,Catalogue of Life,bumped
Schroedriella setigera,NA,NA,na
Schroedriella sp,NA,NA,na
Siderocelys (aff),NA,NA,na
Small centrics,NA,NA,na
Sphaerelopsis sp,NA,NA,na
Sphaerocavum/mpanniformis (isolada),NA,NA,na
Sphaerocystis cf schroeteri x org,NA,NA,na
Spineferomonas sp,NA,NA,na
Spirulina affadriatica,Spirulina,Catalogue of Life,bumped
Spirulina laxisima/nodosa/eubacteria,Spirulina,Catalogue of Life,bumped
Staurastrum polimorphus/paradoxum,Staurastrum,Catalogue of Life,bumped
Staurastrum quadricauda (turp) breb,Staurastrum,Catalogue of Life,bumped
Surirella cfrobusta/caproni,Surirella,EOL,bumped
Synechococcus aquatilis,Synechococcus,Catalogue of Life,bumped
Synedra (aff),Synedra,EOL,bumped
Tetraedron minimun (a br) hansg,Tetraedron,Catalogue of Life,bumped
Tetraselmis (aff),Tetraselmis,Catalogue of Life,bumped
Tetrastrum cf komarekii,Tetrastrum,Catalogue of Life,bumped
Trachelomonas 10,Trachelomonas,Catalogue of Life,bumped
Trachelomonas rugulosa stein,Trachelomonas,Catalogue of Life,bumped
Trybionela sp,NA,NA,na
Trybionella vitoriae,NA,NA,na
Volvocales 1,Volvocales,Catalogue of Life,bumped
Volvocales 6 (fla unicell),Volvocales,Catalogue of Life,bumped
