source.code,original.source.code,list.name,authours,title,publication,year,volume,issue,start.page.no,end.page.no,doi,abstract
1,1,primary data,"Bergman, I; Lindstrom, ES; Sassenhagen, I",Ciliate Grazing on the Bloom-Forming Microalga Gonyostomum semen,MICROBIAL ECOLOGY,2024,87,1,NA,NA,10.1007/s00248-024-02344-9,Describe a small ciliate species (< 17 mu m) that preys on G. semen
3,3,primary data,"Llorente, A; Fraile, H; de Bikuña, BG; Seoane, S",HPLC validation as a management tool in artificial water storage ponds,LIMNOLOGICA,2024,105,,NA,NA,10.1016/j.limno.2024.126160,carried out a taxonomy-based validation for the application of HPLC to the management of two artificial water storage ponds. We also investigated the error and variability sources that affected the relationships between calculated biovolumes of phytoplankton groups and associated pigment concentrations
5,5,primary data,"Arnoldt, S; Pourdanandeh, M; Spikkeland, I; Andersson, MX; Selander, E",Mass spectroscopy reveals compositional differences in copepodamides from limnic and marine copepods,SCIENTIFIC REPORTS,2024,14,1,NA,NA,10.1038/s41598-024-53247-1,Report the consistent presence of copepodamides in copepods from six Swedish freshwater lakes.
6,6,primary data,"Sildever, S; Stewart, RIA; Tesson, SVM","Factors contributing to the potential expansion of Limnomonas gaiensis (Chlamydomonadales, Chlorophyta) in freshwater lakes in Northern Europe",EUROPEAN JOURNAL OF PHYCOLOGY,2024,59,2,169,183,10.1080/09670262.2023.2274080,Investigated the phylogeography of L. gaiensis along a latitudinal gradient 
7,7,primary data,"Zuo, YP; Southard, M; Xu, QN; Zhang, GX; Skibinski, E; Moon, N; Gan, L; Chen, YS; Jiang, L",Cell size-dependent species sensitivity to nanoparticles underlies changes in phytoplankton diversity and productivity,GLOBAL CHANGE BIOLOGY,2024,30,1,NA,NA,10.1111/gcb.17049,Effect of nanoparticales on species interactions
8,8,primary data,"Murphy, CA; Pollock, AMM; Arismendi, I; Johnson, SL",HABs and HAB nots: Dynamics of phytoplankton blooms across similar oligotrophic reservoirs,LIMNOLOGICA,2023,103,,NA,NA,10.1016/j.limno.2023.126110,"the characteristics and annual dynamics of phytoplankton communities were examined, focusing on the timing, magnitude, and predictability of cyanobacterial blooms in five multi-purpose flood-control reservoirs from the Willamette Basin, Oregon, USA"
9,9,primary data,"Blackburn-Desbiens, P; Grosbois, G; Power, M; Culp, J; Rautio, M",Integrating hydrological connectivity and zooplankton composition in Arctic ponds and lakes,FRESHWATER BIOLOGY,2023,68,12,2131,2150,10.1111/fwb.14181,Testing how well the degree of hydrological connectivity explained patterns in species composition and abundance and contributed to crustacean production
10,10,primary data,"Titocci, J; Fink, P",Disturbance alters phytoplankton functional traits and consequently drives changes in zooplankton life-history traits and lipid composition,HYDROBIOLOGIA,2024,851,1,161,180,10.1007/s10750-023-05323-2,How the loss of trait diversity of phytoplankton affects their prey
11,11,primary data,"Rogalski, MA; Ferah, U",Lake water chemistry and population of origin interact to shape fecundity and growth in Daphnia ambigua,ECOLOGY AND EVOLUTION,2023,13,6,NA,NA,10.1002/ece3.10176,"laboratory reciprocal transplant experiment to assess how animals representing these populations vary in fecundity, body size, and survival when reared in lake water from each environment."
12,12,primary data,"Ramaekers, L; Vanschoenwinkel, B; Brendonck, L; Pinceel, T",Elevated dissolved carbon dioxide and associated acidification delays maturation and decreases calcification and survival in the freshwater crustacean Daphnia magna,LIMNOLOGY AND OCEANOGRAPHY,2023,68,7,1624,1635,10.1002/lno.12372,"Here, we investigated the direct effects of elevated pCO(2) and associated acidification on the water flea Daphnia magna"
14,14,primary data,"Klasios, N; Tseng, M",Microplastics in subsurface water and zooplankton from eight lakes in British Columbia,CANADIAN JOURNAL OF FISHERIES AND AQUATIC SCIENCES,2023,80,8,1248,1267,10.1139/cjfas-2022-0293,"Quantify and characterize microplastics in subsurface water and zooplankton from eight lakes in BC, Canada"
15,15,primary data,"Theus, ME; Michaels, J; Fey, SB",Interactive effects of temperature and bisphenol A on phytoplankton growth and community structure,CONSERVATION PHYSIOLOGY,2023,11,1,NA,NA,10.1093/conphys/coad021,Understanding how environmental gradients of both temperature and BPA concentration influence freshwater phytoplankton population growth and community structure
16,16,primary data,"Grzesiuk, M; Gryglewicz, E; Bentkowski, P; Pijanowska, J",Impact of Fluoxetine on Herbivorous Zooplankton and Planktivorous Fish,ENVIRONMENTAL TOXICOLOGY AND CHEMISTRY,2023,42,2,385,392,10.1002/etc.5525,The effect of fluoxetine on somatic growth of daphnia magna
17,17,primary data,"Zheng, SW; Wang, R; Kainz, MJ; Liu, CY; Li, PW; Li, ZX; Yan, HY; Yin, DQ","How phytoplankton biomass controls metal(loid) bioaccumulation in size-fractionated plankton in anthropogenic-impacted subtropical lakes: A comprehensive study in the Yangtze River Delta, China",WATER RESEARCH,2022,224,,NA,NA,10.1016/j.watres.2022.119075,"Investigated the bioaccumulation of eight metal(loid)s (As, Co, Cu, Hg, Mn, Pb, Se, and Zn) in plankton"
18,18,primary data,"Lachapelle, J; Bestion, E; Jackson, EE; Schaum, CE",Presence of a resident species aids invader evolution,LIMNOLOGY AND OCEANOGRAPHY,2022,67,10,2252,2264,10.1002/lno.12200,(1) how the presence of a locally adapted phytoplankton species will affect an invading phytoplankton species' evolutionary response to a physiologically challenging environment; (2) whether this response is conserved across environments varying in quality; and (3) which traits are associated with being a successful invader under climate change scenarios
19,19,primary data,"Baker, HK; Li, SS; Samu, SC; Jones, NT; Symons, CC; Shurin, JB",Prey naivete alters the balance of consumptive and non-consumptive predator effects and shapes trophic cascades in freshwater plankton,OIKOS,2022,2022,11,NA,NA,10.1111/oik.09173,How the ecological and evolutionary experience that prey share with a given predator determine their position along the trade off curve of consumptive (CEs) and non-consumptive predator effects (NCEs).
21,21,primary data,"Titocci, J; Fink, P","Food quality impacts on reproductive traits, development and fatty acid composition of the freshwater calanoid copepod Eudiaptomus sp.",JOURNAL OF PLANKTON RESEARCH,2022,44,4,528,541,10.1093/plankt/fbac030,Supplied five different phytoplankton diets to the freshwater calanoid copepod Eudiaptomus sp. to investigate their dietary quality for the copepods' fitness traits over the copepod's entire life cycle
22,22,primary data,"Gu, L; Qin, SS; Sun, YF; Huang, J; Akbar, S; Zhang, L; Yang, Z",Coping with antagonistic predation risks: Predator-dependent unique responses are dominant in Ceriodaphnia cornuta,MOLECULAR ECOLOGY,2022,31,14,3951,3962,10.1111/mec.16550,"Based on antagonistic predation pressure froman invertebrate (Chaoborus larvae) and a vertebrate (Rhodeus ocellatus) predator, westudied the responses of multiple traits and transcriptomes of the freshwater crus-tacean Ceriodaphnia cornuta under multiple predation risks."
25,25,primary data,"Ramaekers, L; Pinceel, T; Brendonck, L; Vanschoenwinkel, B",Direct effects of elevated dissolved CO2 can alter the life history of freshwater zooplankton,SCIENTIFIC REPORTS,2022,12,1,NA,NA,10.1038/s41598-022-10094-2,The extent to which freshwater zooplankton may be directly affectedby dissolved CO2 levels (pCO2) 
26,26,primary data,"Gomes, ACAM; Macêdo, RL; Gomes, LF; Velho, LFM; Rocha, O; Vieira, LCG","Range expansion of Kellicottia bostoniensis (Rousselet, 1908) (Rotifera) throughout a biogeographic boundary between the Brazilian savanna and the Amazon",AQUATIC SCIENCES,2022,84,2,NA,NA,10.1007/s00027-022-00861-8,surveying Kellicottia bostoniensis in Araguaia River
29,29,primary data,"Kim, K; Taylor, DJ",Thermal phenotypic plasticity of the second limb in Daphnia,JOURNAL OF PLANKTON RESEARCH,2022,44,2,259,267,10.1093/plankt/fbac003,Thermal phenotypic plasticity of the second limb in Daphnia
30,30,primary data,"Dao, TS; Nguyen, VT; Baduel, C; Bui, MH; Tran, VT; Pham, TL; Bui, BT; Dinh, KV",Toxicity of di-2-ethylhexyl phthalate and tris (2-butoxyethyl) phosphate to a tropical micro-crustacean (Ceriodaphnia cornuta) is higher in Mekong River water than in standard laboratory medium,ENVIRONMENTAL SCIENCE AND POLLUTION RESEARCH,2022,29,26,39777,39789,10.1007/s11356-022-18993-7,Effect of di(2-ethylhexyl) phthalate (DEHP) and tris (2-butoxyethyl) phosphate (TBOEP) on C.cornuta
32,32,primary data,"Mohanty, TR; Tiwari, NK; Kumari, S; Ray, A; Manna, RK; Bayen, S; Roy, S; Das Gupta, S; Ramteke, MH; Swain, HS; Bhor, M; Das, BK",Variation of Aulacoseira granulata as an eco-pollution indicator in subtropical large river Ganga in India: a multivariate analytical approach,ENVIRONMENTAL SCIENCE AND POLLUTION RESEARCH,2022,29,25,37498,37512,10.1007/s11356-021-18096-9,assess major environmental factors which contribute to A. granulata bloom in the riverine system
35,35,primary data,"Govaert, L; De Meester, L; Rousseaux, S; Declerck, SAJ; Pantel, JH",Measuring the contribution of evolution to community trait structure in freshwater zooplankton,OIKOS,2021,130,10,1773,1787,10.1111/oik.07885,when evolutionary processes are likely to play an important role in structuring community features
37,37,primary data,"Caputo, L; Fuentes, R; Woelfl, S; Castañeda, LE; Cárdenas, L","Phenotypic plasticity of clonal populations of the freshwater jellyfish Craspedacusta sowerbii (Lankester, 1880) in Southern Hemisphere lakes (Chile) and the potential role of the zooplankton diet",AUSTRAL ECOLOGY,2021,46,8,1192,1197,10.1111/aec.13087,report synchronous blooms of clonal populations of C. sowerbii in two nordpatagonian lakes
38,38,primary data,"Flöder, S; Yong, J; Klauschies, T; Gaedke, U; Poprick, T; Brinkhoff, T; Moorthi, S",Intraspecific trait variation alters the outcome of competition in freshwater ciliates,ECOLOGY AND EVOLUTION,2021,11,15,10225,10243,10.1002/ece3.7828,we investigate how intraspecific trait variation affects the competition between the freshwater ciliates Euplotes octocarinatus and Coleps hirtus in a nitrogen-limited chemostat system
39,39,primary data,"Bomfim, FD; Melao, MDG; Gebara, RC; Lansac-Tôha, FA",Warming and predator drive functional responses of three subtropical cladocerans,AQUATIC ECOLOGY,2021,55,3,903,914,10.1007/s10452-021-09870-5,how warming and predator affect the functional responses of three subtropical cladocerans
40,40,primary data,"Münzner, K; Gollnisch, R; Rengefors, K; Koreiviene, J; Lindström, ES",High Iron Requirements for Growth in the Nuisance Alga Gonyostomum semen (Raphidophyceae),JOURNAL OF PHYCOLOGY,2021,57,4,1309,1322,10.1111/jpy.13170,
41,41,primary data,"Fettweis, A; Bergen, B; Hansul, S; De Schamphelaere, K; Smolders, E","Correlated Ni, Cu, and Zn Sensitivities of 8 Freshwater Algal Species and Consequences for Low-Level Metal Mixture Effects",ENVIRONMENTAL TOXICOLOGY AND CHEMISTRY,2021,40,7,2015,2025,10.1002/etc.5034,explore the correlations of metal sensitivities among species and if these sensitivities or metal mixture interactions are related to growth or morphological traits
42,42,primary data,"Choi, JY; Kim, SK","The Use of Winter Water Temperature and Food Composition by the Copepod Cyclops vicinus (Uljanin, 1875) to Provide a Temporal Refuge from Fish Predation",BIOLOGY-BASEL,2021,10,5,NA,NA,10.3390/biology10050393,"describe a new defense strategy for Cyclops vicinus, which is vulnerable to fish predation"
43,43,primary data,"Broccoli, A; Anselmi, S; Cavallo, A; Ferrari, V; Prevedelli, D; Pastorino, P; Renzi, M","Ecotoxicological effects of new generation pollutants (nanoparticles, amoxicillin and white musk) on freshwater and marine phytoplankton species",CHEMOSPHERE,2021,279,,NA,NA,10.1016/j.chemosphere.2021.130623,Effects of new generation pollutants on five phytoplankton species
44,44,primary data,"Tseng, M; Di Filippo, CM; Fung, M; Kim, JO; Forster, IP; Zhou, YL",Cascading effects of algal warming in a freshwater community,FUNCTIONAL ECOLOGY,2021,35,4,920,929,10.1111/1365-2435.13752,"How resource quality is also affected by warming, and changes in resource quality can have meaningful effects on the productivity of higher trophic levels"
46,46,primary data,"Kazama, T; Urabe, J; Yamamichi, M; Tokita, K; Yin, XW; Katano, I; Doi, H; Yoshida, T; Hairston, NG",A unified framework for herbivore-to-producer biomass ratio reveals the relative influence of four ecological factors,COMMUNICATIONS BIOLOGY,2021,4,1,NA,NA,10.1038/s42003-020-01587-9,"Effects of production rate, defense traits and nutrient contents of producers, and predation by carnivores on structure of a community"
47,47,primary data,"Amaral, DC; Dunck, B; Braghin, LSM; Fernandes, UL; Bomfim, FF; Bonecker, CC; Lansac-Tôha, FA",Predation by an omnivorous fish and food availability alter zooplankton functional diversity: a microcosm approach,ANAIS DA ACADEMIA BRASILEIRA DE CIENCIAS,2021,93,,NA,NA,10.1590/0001-3765202120200778,
48,48,primary data,"Chaktraborty, S; Karmaker, D; Rahman, MA; Bali, SC; Das, SK; Hossen, R","Impacts of pH and salinity on community composition, growth and cell morphology of three freshwater phytoplankton",PLANT SCIENCE TODAY,2021,8,3,655,661,10.14719/pst.2021.8.3.1190,"impacts of different pH (pH 5.90 to 9.10) and salinity (0.60 to 3.0 ppt) concentrations on freshwater phytoplankton Chlorella vulgaris, Euglena granulata and Scenedesmus quadricauda. "
49,49,primary data,"Macêdo, RL; Franco, ACS; Corrêa, RF; Costa, KD; Pereira, LG; de Oliveira, FDM; Klippel, G; Cordeiro, BD; Thiago, MGR; Rocha, MID; Huszar, VLM; dos Santos, LN; Branco, CWC","Spreading of the invasive dinoflagellate Ceratium furcoides (Levander) Langhans throughout the Paraiba do Sul ecoregion, South America, Brazil",LIMNETICA,2021,40,2,233,246,10.23818/limn.40.16,looks at the invasive  dinoflagellate Ceratium furcoides (Levander) in south america
50,50,primary data,"Salmi, P; Mäki, A; Mikkonen, A; Puupponen, VM; Vuorio, K; Tiirola, M",Comparison of epifluorescence microscopy and flow cytometry in counting freshwater picophytoplankton,BOREAL ENVIRONMENT RESEARCH,2021,26,,17,27,10.17011/jyx/dataset/66278,Comparison of epifluorescence microscopy and flow cytometry in counting freshwater picophytoplankton
51,51,primary data,"Lu, XT; Gao, YY; Weisse, T",Functional Ecology of Two Contrasting Freshwater Ciliated Protists in Relation to Temperature,JOURNAL OF EUKARYOTIC MICROBIOLOGY,2021,68,1,NA,NA,10.1111/jeu.12823,"growth rate (numerical response, NR) and ingestion rate (functional response, FR) over a range of ecologically relevant temperatures for two cilliate species"
52,52,primary data,"Lines, T; Orr, P; Beardall, J",Elevated co2 has Differential Effects on Five Species of Microalgae from a Subtropical Freshwater Lake: Possible Implications for Phytoplankton Species Composition1,JOURNAL OF PHYCOLOGY,2021,57,1,324,334,10.1111/jpy.13104,"nvestigated the effects of elevated CO2 (1,000 ppm) relative to current atmospheric CO2 partial pressures (400 ppm), on growth, cell size, carbon acquisition, and photophysiology of five freshwater phytoplankton species including a toxic cyanophyte, Raphidiopsis raciborskii, from Lake Wivenhoe, Australia"
57,57,primary data,"Sha, YC; Tesson, SVM; Hansson, LA",Diverging responses to threats across generations in zooplankton,ECOLOGY,2020,101,11,NA,NA,10.1002/ecy.3145,"xposed clones of a freshwater cladoceran, Daphnia magna, to threats from predation and ultraviolet radiation (UVR) during three consecutive parthenogenetic generations."
58,58,primary data,"Krzton, W; Kosiba, J",Variations in zooplankton functional groups density in freshwater ecosystems exposed to cyanobacterial blooms,SCIENCE OF THE TOTAL ENVIRONMENT,2020,730,,NA,NA,10.1016/j.scitotenv.2020.139044,
60,60,primary data,"Pinheiro-Silva, L; Gianuca, AT; Silveira, MH; Petrucio, MM",Grazing efficiency asymmetry drives zooplankton top-down control on phytoplankton in a subtropical lake dominated by non-toxic cyanobacteria,HYDROBIOLOGIA,2020,847,10,2307,2320,10.1007/s10750-020-04255-5,
61,61,primary data,"Vezhnavets, VV; Litvinova, AG","REPRESENTATIVES OF THE GENUS EURYTEMORA GIESBRECHT, 1881 (CALANOIDA, TEMORIDAE) IN AQUATIC ECOSYSTEMS OF BELARUS",CRUSTACEANA,2020,93,3-5,283,298,10.1163/15685403-00004008,"The main biological features of two species of the genus Eurytemora have been studied: the relict E. lacustris (Poppe, 1887) and the alien E. velox"
63,63,primary data,"Ritschar, S; Rabus, M; Laforsch, C",Predator-specific inducible morphological defenses of a water flea against two freshwater predators,JOURNAL OF MORPHOLOGY,2020,281,6,653,661,10.1002/jmor.21131,investigated whether a clone of the pond-dwelling species Daphnia similis responds to different predatory invertebrates (Triops cancriformis; Notonecta maculata) with the expression of predator-specific modifications of the same defensive traits
65,65,primary data,"Luimstra, VM; Verspagen, JMH; Xu, TS; Schuurmans, JM; Huisman, J",Changes in water color shift competition between phytoplankton species with contrasting light-harvesting strategies,ECOLOGY,2020,101,3,NA,NA,10.1002/ecy.2951,Changes in water color shift competition between phytoplankton species with contrasting light-harvesting strategies
66,66,primary data,"Arunpandi, N; Jyothibabu, R; Jagadeesan, L; Albin, KJ; Savitha, KMM; Parthasarathi, S",Impact of salinity on the grazing rate of a cladocera (Latonopsis australis) in a large tropical estuarine system,ENVIRONMENTAL MONITORING AND ASSESSMENT,2020,192,2,NA,NA,10.1007/s10661-020-8068-x,Impact of salinity on the grazing rate of a cladocera
67,67,primary data,"Hofmann, P; Chatzinotas, A; Harpole, WS; Dunker, S",Temperature and stoichiometric dependence of phytoplankton traits,ECOLOGY,2019,100,12,NA,NA,10.1002/ecy.2875,investigate variability of cellular traits in three prokaryotic and three eukaryotic freshwater phytoplankton species along gradients of temperature and nitrogen:phosphorus ratio (N:P) in laboratory microcosms.
68,68,primary data,"Barrow, JL; Beisner, BE; Giles, R; Giani, A; Domaizon, I; Gregory-Eaves, I",Macrophytes moderate the taxonomic and functional composition of phytoplankton assemblages during a nutrient loading experiment,FRESHWATER BIOLOGY,2019,64,8,1369,1381,10.1111/fwb.13311,how macrophyte abundance altered phytoplankton assemblages using experimental ponds
69,69,primary data,"Colomer, J; Müller, MF; Barcelona, A; Serra, T",Mediated food and hydrodynamics on the ingestion of microplastics by Daphnia magna,ENVIRONMENTAL POLLUTION,2019,251,,434,441,10.1016/j.envpol.2019.05.034, investigated the variability in the ingestion of MP to food ratios and the exposed time of MP to Daphnia magna in non-sheared and sheared conditions
70,70,primary data,"Tseng, M; Bernhardt, JR; Chila, AE",Species interactions mediate thermal evolution,EVOLUTIONARY APPLICATIONS,2019,12,7,1463,1474,10.1111/eva.12805,how thermal evolution of Daphnia pulex to two selection temperatures (12 and 18°C) is mediated by rapid thermal evolution of its algal resource (Scenedesmus obliquus) or by the presence of the zooplankton predator Chaoborus americanu
71,71,primary data,"Jordan, MP; Stewart, AR; Eagles-Smith, CA; Strecker, AL",Nutrients mediate the effects of temperature on methylmercury concentrations in freshwater zooplankton,SCIENCE OF THE TOTAL ENVIRONMENT,2019,667,,601,612,10.1016/j.scitotenv.2019.02.259,how warmer water temperatures and excess nutrients would alter zooplankton communities and phytoplankton concentrations
72,72,primary data,"Josué, IIP; Cardoso, SJ; Miranda, M; Mucci, M; Ger, KA; Roland, F; Marinho, MM",Cyanobacteria dominance drives zooplankton functional dispersion,HYDROBIOLOGIA,2019,831,1,149,161,10.1007/s10750-018-3710-0,assessed the effects of eutrophication and cyanobacteria blooms on zooplankton functional diversity in a tropical hypereutrophic lake.
73,73,primary data,"Raveh, S; Langen, K; Bakker, TCM; Josephs, C; Frommen, JG","Oddity, predation risk and social decisions in aquatic invertebrates",ETHOLOGY,2019,125,2,106,113,10.1111/eth.12835,examined the oddity effect and swarming preferences in two differently sized species of freshwater planktonic crustaceans
74,74,primary data,"Wilkinson, AA; Hondzo, M; Guala, M",Investigating Abiotic Drivers for Vertical and Temporal Heterogeneities of Cyanobacteria Concentrations in Lakes Using a Seasonal In Situ Monitoring Station,WATER RESOURCES RESEARCH,2019,55,2,954,972,10.1029/2018WR024228,The abiotic drivers for toxic HAB are investigated using a research station deployed in a eutrophic lake in Minnesota in 2016.
76,76,primary data,"Mironova, E; Gopko, M; Pasternak, A; Mikheev, V; Taskinen, J",Trematode cercariae as prey for zooplankton: effect on fitness traits of predators,PARASITOLOGY,2019,146,1,105,111,10.1017/S0031182018000963,
77,77,primary data,"Mandal, S; Wilkins, RA; Shurin, JB",Compensatory grazing by Daphnia generates a trade-off between top-down and bottom-up effects across phytoplankton taxa,ECOSPHERE,2018,9,12,NA,NA,10.1002/ecs2.2537,compared functional and structural traits of 14 species of freshwater phytoplankton to test the influence of life history on grazing and growth rate of Daphnia consumers
80,80,primary data,"Bestion, E; García-Carreras, B; Schaum, CE; Pawar, S; Yvon-Durocher, G",Metabolic traits predict the effects of warming on phytoplankton competition,ECOLOGY LETTERS,2018,21,5,655,664,10.1111/ele.12932,evelop a theoretical model that links interspecific differences in the temperature dependence of resource acquisition and growth to the outcome of pairwise competition in phytoplankton
82,82,primary data,"Jones, NT; Gilbert, B",Geographic signatures in species turnover: decoupling colonization and extinction across a latitudinal gradient,OIKOS,2018,127,4,507,517,10.1111/oik.04590,"how zooplankton communities (copepods and cladocerans) have changed over a 25–75 year time span by assessing colonization and extinction rates from lakes across an 1800 km latitudinal gradient, and further tested whether species traits predict rates of community change over time"
83,83,primary data,"Wolf, R; Heuschele, J",Water Browning Influences the Behavioral Effects of Ultraviolet Radiation on Zooplankton,FRONTIERS IN ECOLOGY AND EVOLUTION,2018,6,,NA,NA,10.3389/fevo.2018.00026,effects of DOM and UV on exploration behavior and other motility patterns
84,84,primary data,"Kruk, C; Segura, AM; Nogueira, L; Alcántara, I; Calliari, D; de la Escalera, GM; Carballo, C; Cabrera, C; Sarthou, F; Scavone, P; Piccini, C",A multilevel trait-based approach to the ecological performance of Microcystis aeruginosa complex from headwaters to the ocean,HARMFUL ALGAE,2017,70,,23,36,10.1016/j.hal.2017.10.004,patterns at multiple levels of organization irrespective of taxonomic identity (i.e. a trait-based approach) were analyzed
86,86,primary data,"Brennan, GL; Colegrave, N; Collins, S",Evolutionary consequences of multidriver environmental change in an aquatic primary producer,PROCEEDINGS OF THE NATIONAL ACADEMY OF SCIENCES OF THE UNITED STATES OF AMERICA,2017,114,37,9930,9935,10.1073/pnas.1703375114,how primary producers at the base of aquatic ecosystems respond to complex environmental change
87,87,primary data,"Hahn, MW; Karbon, G; Koll, U; Schmidt, J; Lang, E",Polynucleobacter sphagniphilus sp nov a planktonic freshwater bacterium isolated from an acidic and humic freshwater habitat,INTERNATIONAL JOURNAL OF SYSTEMATIC AND EVOLUTIONARY MICROBIOLOGY,2017,67,9,3261,3267,10.1099/ijsem.0.002096,"Strain MWH-Weng1-1T, isolated from an acidic freshwater habitat located in the Wenger Moor, Austria, was characterized by investigating its phenotypic, chemotaxonomic and genomic traits"
89,89,primary data,"Yang, D; Park, S","Freshwater anostracan, Branchinella kugenumaensis, as a potential controlling consumer species on toxic cyanobacteria Microcystis aeruginosa",AQUATIC ECOLOGY,2017,51,3,449,461,10.1007/s10452-017-9628-1,evaluate the potential of Branchinella kugenumaensis for cyanobacterial bloom control relative to Daphnia
90,90,primary data,"Santos-Medrano, GE; Robles-Vargas, D; Hernández-Flores, S; Rico-Martínez, R","Life table demography of Asplanchna brightwellii Gosse, 1850 fed with five different prey items",HYDROBIOLOGIA,2017,796,1,169,179,10.1007/s10750-016-3069-z,"table experiments on the freshwater rotifer Asplanchna brightwellii to analyze its demography when fed with prey items from several taxonomic groups (cladocerans, protozoans, and rotifers) and under two different temperature regimes (20 and 25°C)"
92,92,primary data,"Bramburger, AJ; Reavie, ED; Sgro, GV; Estepp, LR; Chraïbi, VLS; Pillsbury, RW",Decreases in diatom cell size during the 20th century in the Laurentian Great Lakes: a response to warming waters?,JOURNAL OF PLANKTON RESEARCH,2017,39,2,199,210,10.1093/plankt/fbx009,Decreases in diatom cell size during the 20th century in the Laurentian Great Lakes
93,93,primary data,"Rocha, GS; Tonietto, AE; Lombardi, AT; Melao, MDG",Effect of copper contaminated food on the life cycle and secondary production of Daphnia laevis,ECOTOXICOLOGY AND ENVIRONMENTAL SAFETY,2016,133,,235,242,10.1016/j.ecoenv.2016.07.011,"valuated the bioaccumulation and effect of Cu on Raphidocelis subcapitata (freshwater algae), and the influence of Cu-contaminated food (algae) on Daphnia laevis (tropical cladoceran)"
97,97,primary data,"Reartes, SBR; Estrada, V; Bazán, R; Larrosa, N; Cossavella, A; López, A; Busso, F; Diaz, MS",Evaluation of ecological effects of anthropogenic nutrient loading scenarios in Los Molinos reservoir through a mathematical model,ECOLOGICAL MODELLING,2016,320,,393,406,10.1016/j.ecolmodel.2015.10.028,assess the likely ecosystem structural shifts that might be induced by seven alternative management scenarios relative to current simulated lake dynamics of Los Molinos reservoir
98,98,primary data,"Liu, X; Beyrend, D; Dur, G; Ban, S",Combined effects of temperature and food concentration on growth and reproduction of Eodiaptomus japonicus (Copepoda: Calanoida) from Lake Biwa (Japan),FRESHWATER BIOLOGY,2015,60,10,2003,2018,10.1111/fwb.12626,effect os food source and temperature on life history traits of  freshwater calanoid copepod Eodiaptomus japonicus 
99,99,primary data,"Narwani, A; Alexandrou, MA; Herrin, J; Vouaux, A; Zhou, C; Oakley, TH; Cardinale, BJ",Common Ancestry Is a Poor Predictor of Competitive Traits in Freshwater Green Algae,PLOS ONE,2015,10,9,NA,NA,10.1371/journal.pone.0137085,We provide the first investigation of the degree of phylogenetic signal in traits related to competition in freshwater green phytoplankton. 
100,100,primary data,"Behl, S; Stibor, H",Prey diversity and prey identity affect herbivore performance on different time scales in a long term aquatic food-web experiment,OIKOS,2015,124,9,1192,1202,10.1111/oik.01463,whether and how diversity-mediated productivity at the base of food-webs influences adjacent trophic levels 
101,101,primary data,"Grujcic, V; Kasalicky, V; Simek, K",Prey-Specific Growth Responses of Freshwater Flagellate Communities Induced by Morphologically Distinct Bacteria from the Genus Limnohabitans,APPLIED AND ENVIRONMENTAL MICROBIOLOGY,2015,81,15,4993,5002,10.1128/AEM.00396-15,examining bacterial carbon flow to the grazer food chain
102,102,primary data,"Shi, PL; Shen, H; Wang, WJ; Chen, WJ; Xie, P",The relationship between light intensity and nutrient uptake kinetics in six freshwater diatoms,JOURNAL OF ENVIRONMENTAL SCIENCES,2015,34,,28,36,10.1016/j.jes.2015.03.003,P and Si-uptake kinetics for diatom species from two light regime
106,106,primary data,"Kong, YJ; Lou, IC; Zhang, YY; Lou, CU; Mok, KM",Using an online phycocyanin fluorescence probe for rapid monitoring of cyanobacteria in Macau freshwater reservoir,HYDROBIOLOGIA,2014,741,1,33,49,10.1007/s10750-013-1759-3,applied and tested an online phycocyanin (PC) fluorescence probe for rapid monitoring of cyanobacteria in the Macau Storage Reservoir (MSR) that is experiencing cyanobacterial blooms.
107,107,primary data,"Souza, JP; Melo, DC; Lombardi, AT; Melao, MGG",Effects of dietborne cadmium on life history and secondary production of a tropical freshwater cladoceran,ECOTOXICOLOGY,2014,23,9,1764,1773,10.1007/s10646-014-1341-4,provide life history parameters and secondary production of Simocephalus serrulatus (Koch 1841) (Cladocera: Daphniidae) fed with cadmium (Cd) contaminated algae during a 21-day bioassay.
108,108,primary data,"Hahn, MW; Schmidt, J; Taipale, SJ; Doolittle, WF; Koll, U","Rhodoluna lacicola gen. nov., sp nov., a planktonic freshwater bacterium with stream-lined genome",INTERNATIONAL JOURNAL OF SYSTEMATIC AND EVOLUTIONARY MICROBIOLOGY,2014,64,,3254,3263,10.1099/ijs.0.065292-0,"characterized ‘Candidatus Rhodoluna lacicola ’ strain MWH-Ta8 by phylogenetic and taxonomic investigations, as well as by determination of its complete genome sequence."
109,109,primary data,"Vijverberg, J; Dejen, E; Getahun, A; Nagelkerke, LAJ","Zooplankton, fish communities and the role of planktivory in nine Ethiopian lakes",HYDROBIOLOGIA,2014,722,1,45,60,10.1007/s10750-013-1674-7,Fish and zooplankton populations of nine Ethiopian freshwater lakes were quantitatively sampled along a North–South gradient
112,112,primary data,"Shatwell, T; Köhler, J; Nicklisch, A",Temperature and photoperiod interactions with silicon-limited growth and competition of two diatoms,JOURNAL OF PLANKTON RESEARCH,2013,35,5,957,971,10.1093/plankt/fbt058,ultivated Stephanodiscus minutulus and Nitzschia acicularis (freshwater diatoms) under silicon limitation at different temperatures and photoperiods in continuous and batch culture.
113,113,primary data,"Burns, CW","Predictors of invasion success by Daphnia species: influence of food, temperature and species identity",BIOLOGICAL INVASIONS,2013,15,4,859,869,10.1007/s10530-012-0335-5,"test aspects of reproduction and fitness of the invader, D. ‘pulex’, and D. carinata when grown together at a range of relevant temperatures (8–23 °C) and related photoperiods"
114,114,primary data,"Rolinski, S; Pätz, P; Papendick, K; Jähnichen, S; Scheifhacken, N",Phytoplankton appearance in particle size spectra - Deriving conversion functions between microscopic and particle counter measurements,WATER RESEARCH,2013,47,5,1928,1940,10.1016/j.watres.2013.01.024,"Field samples, growth experiments and model approaches were used to study the image of phytoplankton derived by two different commonly used and standardized counting methods."
115,115,primary data,"Todaro, MA; Perissinotto, R; Bownes, SJ","Neogosseidae (Gastrotricha, Chaetonotida) from the iSimangaliso Wetland Park, KwaZulu-Natal, South Africa",ZOOKEYS,2013,NA,315,77,94,10.3897/zookeys.315.5593,Categorising two species of Neogosseidae that were found in a freshwater pond near Charter’s Creek on the Western Shores of Lake St Lucia
116,116,primary data,"Bozkurt, A; Çelik, K; Sevindik, TO",SEASONAL VARIATIONS IN THE LENGTH OF ZOOPLANKTON RELATED TO CERTAIN PHYSICOCHEMICAL VARIABLES IN TWO FRESHWATER RESERVOIRS,CRUSTACEANA,2012,85,4-5,447,462,10.1163/156854012X634401,"seasonal variations in the body length of zooplankton were studied in relation to water temperature, nitrate (NO3), soluble reactive phosphorus (SRP), total chlorophyll, Secchi disk depth, pH, conductivity, and oxidation-reduction potential (ORP) in a mesotrophic (Ikizcetepeler) and a eutrophic (Çaygören) reservoir"
117,117,primary data,"Kumar, R; Souissi, S; Hwang, JS",Vulnerability of carp larvae to copepod predation as a function of larval age and body length,AQUACULTURE,2012,338,,274,283,10.1016/j.aquaculture.2012.01.001,"quantified vulnerability, susceptibility, and loss of two crucial fish, Labeo rohita and Catla catla, to cyclopoid predation in relation to larval age and body length under laboratory conditions."
118,118,primary data,"Hahn, MW; Minasyan, A; Lang, E; Koll, U; Spröer, C","Polynucleobacter difficilis sp nov., a planktonic freshwater bacterium affiliated with subcluster B1 of the genus Polynucleobacter",INTERNATIONAL JOURNAL OF SYSTEMATIC AND EVOLUTIONARY MICROBIOLOGY,2012,62,,376,383,10.1099/ijs.0.031393-0,"Strain AM-8B5T, isolated from Lake Sevan in Armenia, was characterized phenotypically, chemotaxonomically and phylogenetically"
120,120,primary data,"Reiss, J; Schmid-Araya, JM","Feeding response of a benthic copepod to ciliate prey type, prey concentration and habitat complexity",FRESHWATER BIOLOGY,2011,56,8,1519,1530,10.1111/j.1365-2427.2011.02590.x,We aimed to quantify the feeding links between a freshwater meiofaunal copepod andciliates
121,121,primary data,"Liu, LP; Li, K; Chen, TY; Dai, XL; Jiang, M; Diana, JS",Effects of Microcystis aeruginosa on life history of water flea Daphnia magna,CHINESE JOURNAL OF OCEANOLOGY AND LIMNOLOGY,2011,29,4,892,897,10.1007/s00343-011-0518-4,"microcystins (MCs) in Microcystis aeruginosa, and Daphnia magna exposed to M. aeruginosa, were analyzed by HPLC-MS, and the effects of M. aeruginosa on D. magna were investigated"
122,122,primary data,"Yen, J; Sehn, JK; Catton, K; Kramer, A; Sarnelle, O",Pheromone trail following in three dimensions by the freshwater copepod Hesperodiaptomus shoshone,JOURNAL OF PLANKTON RESEARCH,2011,33,6,907,916,10.1093/plankt/fbq164,"Using three-dimensional (3D) videography, we show that males of the large-bodied alpine species Hesperodiaptomus shoshone follow pheromones in the female's trail"
123,123,primary data,"Hahn, MW; Lang, E; Tarao, M; Brandt, U","Polynucleobacter rarus sp. nov., a free-living planktonic bacterium isolated from an acidic lake",INTERNATIONAL JOURNAL OF SYSTEMATIC AND EVOLUTIONARY MICROBIOLOGY,2011,61,,781,787,10.1099/ijs.0.017350-0,"strain MT-CBb6A5T, which was isolated from an acidic lake located in Wisconsin (USA), was characterized"
124,124,primary data,"Hahn, MW; Lang, E; Brandt, U; Spröer, C","Polynucleobacter acidiphobus sp. nov., a representative of an abundant group of planktonic freshwater bacteria",INTERNATIONAL JOURNAL OF SYSTEMATIC AND EVOLUTIONARY MICROBIOLOGY,2011,61,,788,794,10.1099/ijs.0.023929-0,"strain MWH-PoolGreenA3T, isolated from a rock pool filled with freshwater, was characterized"
125,125,primary data,"Kramer, AM; Sarnelle, O; Yen, J",The effect of mating behavior and temperature variation on the critical population density of a freshwater copepod,LIMNOLOGY AND OCEANOGRAPHY,2011,56,2,707,715,10.4319/lo.2011.56.2.0707,combining three-dimensional video analysis ofmating behavior with life history data from natural populations we estimated H. shoshone critical density
126,126,primary data,"Silva-Briano, M; Suárez-Morales, E; Ortiz, AA; Reyes-Flores, M","Two species of Mastigodiaptomus (Copepoda: Diaptomidae), hosts of the epibiotic ciliate Trichodina diaptomi (Peritricha) in North America",JOURNAL OF LIMNOLOGY,2011,70,2,329,333,10.4081/jlimnol.2011.329,identifying T.diaptomi from a sample from mexico
127,127,primary data,"Kasalicky, V; Jezbera, J; Simek, K; Hahn, MW","Limnohabitans planktonicus sp nov and Limnohabitans parvus sp nov., planktonic betaproteobacteria isolated from a freshwater reservoir, and emended description of the genus Limnohabitans",INTERNATIONAL JOURNAL OF SYSTEMATIC AND EVOLUTIONARY MICROBIOLOGY,2010,60,,2710,2714,10.1099/ijs.0.018952-0,"Two bacterial strains, II-B4T and II-D5T, isolated from the meso-eutrophic freshwater Římov reservoir (Czech Republic), were characterized phenotypically"
128,128,primary data,"Mano, H; Sakamoto, M; Tanaka, Y",A comparative study of insecticide toxicity among seven cladoceran species,ECOTOXICOLOGY,2010,19,8,1620,1625,10.1007/s10646-010-0547-3,"The sensitivities of seven cladoceran species (Ceriodaphnia reticulata, Chydorus sphaericus, Daphnia galeata, Diaphanosoma brachyurum, Moina macrocopa, Scapholeberis kingi, and Simocephalus vetulus) to carbamate insecticides (carbaryl and methomyl) were investigated by acute toxicity tests"
129,129,primary data,"Yin, XW; Liu, PF; Zhu, SS; Chen, XX",Food selectivity of the herbivore Daphnia magna (Cladocera) and its impact on competition outcome between two freshwater green algae,HYDROBIOLOGIA,2010,655,1,15,23,10.1007/s10750-010-0399-0,does otimal foraging theory lead to lead to small-sized Chlorella becoming a superior competitor in the presence of Daphnia.
130,130,primary data,"Rojo, C; Salazar, G",Why are there so many kinds of planktonic consumers? The answer lies in the allometric diet breadth,HYDROBIOLOGIA,2010,653,1,91,102,10.1007/s10750-010-0346-0,apply the ADBM to infer the feeding linkages within a freshwater planktonic community of a Spanish oligo-mesotrophic lake and three spatial partitions of it
131,131,primary data,"Hahn, MW; Kasalicky, V; Jezbera, J; Brandt, U; Jezberová, J; Simek, K","Limnohabitans curvus gen. nov., sp nov., a planktonic bacterium isolated from a freshwater lake",INTERNATIONAL JOURNAL OF SYSTEMATIC AND EVOLUTIONARY MICROBIOLOGY,2010,60,,1358,1365,10.1099/ijs.0.013292-0,"strain, MWH-C5T, isolated from the water column of the oligomesotrophic Lake Mondsee (Austria), was characterized phenotypically, phylogenetically and chemotaxonomically"
133,133,primary data,"Sakamoto, M; Hanazato, T; Tanaka, Y","Impact of an Insecticide on Persistence of Inherent Antipredator Morphology of a Small Cladoceran, Bosmina",ARCHIVES OF ENVIRONMENTAL CONTAMINATION AND TOXICOLOGY,2009,57,1,68,76,10.1007/s00244-008-9247-x,"assessed the impacts of an insecticide, carbaryl, on the life-history parameters of a polymorphic cladoceran, Bosmina longirostris, and on Bosmina–copepod interaction"
134,134,primary data,"Ki, JS; Cho, SY; Katano, T; Jung, SW; Lee, J; Park, BS; Kang, SH; Han, MS","Comprehensive comparisons of three pennate diatoms, Diatoma tenuae, Fragilaria vaucheriae, and Navicula pelliculosa, isolated from summer Arctic reservoirs (Svalbard 79A°N), by fine-scale morphology and nuclear 18S ribosomal DNA",POLAR BIOLOGY,2009,32,2,147,159,10.1007/s00300-008-0514-0,report morphological and molecular characteristics of dominant freshwater diatoms in summer Arctic reservoirs of Svalbard (Norway)
138,138,primary data,"Matthews, B; Mazumder, A",Detecting trophic-level variation in consumer assemblages,FRESHWATER BIOLOGY,2008,53,10,1942,1953,10.1111/j.1365-2427.2008.02018.x,"We examined the sources of variation in zooplankton ΔN by measuring the trophic enrichment (ΔN) of seven species of freshwater cladocerans, and by testing for an effect of age and temperature on the ΔN of Daphnia pulicaria"
140,140,primary data,"Rowe, CL; Adamowicz, SJ; Hebert, PDN","Three new cryptic species of the freshwater zooplankton genus Holopedium (Crustacea: Branchiopoda: Ctenopoda), revealed by genetic methods",ZOOTAXA,2007,NA,1656,1,49,NA2,"Here, we provide the first large-scale examination of taxonomic diversity in the genus Holopedium"
141,141,primary data,"Sigee, DC; Bahram, F; Estrada, B; Webster, RE; Dean, AP",The influence of phosphorus availability on carbon allocation and P quota in Scenedesmus subspicatus:: A synchrotron-based FTIR analysis,PHYCOLOGIA,2007,46,5,583,592,10.2216/07-14.1,"Synchrotron-based Fourier transform infrared (FTIR) microspectroscopy was used to characterise the molecular composition of the freshwater alga Scenedesmus subspicatus, cultured at three different initial concentrations of phosphorus"
142,142,primary data,"Pannard, A; Bormans, M; Lefebvre, S; Claquin, P; Lagadeuc, Y",Phytoplankton size distribution and community structure: influence of nutrient input and sedimentary loss,JOURNAL OF PLANKTON RESEARCH,2007,29,7,583,598,10.1093/plankt/fbm040,"examines the effects of nutrient availability and sedimentary loss on the dynamics of freshwater phytoplankton, from the physiological state at the cellular level to the competition issue at the community level"
143,143,primary data,"Jezberová, J; Komárková, J",Morphometry and growth of three Synechococcus-like picoplanktic cyanobacteria at different culture conditions,HYDROBIOLOGIA,2007,578,1,17,27,10.1007/s10750-006-0429-0,"Three phycocyanin-rich strains of Synechococcus-like picoplanktic cyanobacteria, isolated from the plankton of Czech oligotrophic to eutrophic freshwater reservoirs, were investigated in crossed gradients of light and temperature and in combination with two different culture media (BG-11 and WC)"
146,146,primary data,"Bittencourt-Oliveira, MD; Moura, AD; Gouvea-Barros, S; Pinto, E","HIP1 DNA fingerprinting in Microcystis panniformis (Chroococcales, Cyanobacteria)",PHYCOLOGIA,2007,46,1,3,9,10.2216/06-01.1,explores genetic diversity among 14 strains of M. panniformis isolated from 4 freshwater reservoirs in 2 different Brazilian regions
148,148,primary data,"Weisse, T; Stadler, P","Effect of pH on growth, cell volume, and production of freshwater ciliates, and implications for their distribution",LIMNOLOGY AND OCEANOGRAPHY,2006,51,4,1708,1715,10.4319/lo.2006.51.4.1708,"We investigated the effect of pH on growth, cell volume, and production of the freshwater ciliates Urotrichafarcta, U. furcata, and U. castalia"
149,149,primary data,"Passarge, J; Hol, S; Escher, M; Huisman, J","Competition for nutrients and light: Stable coexistence, alternative stable states, or competitive exclusion?",ECOLOGICAL MONOGRAPHS,2006,76,1,57,72,10.1890/04-1824,nvestigation of competition among phytoplankton species
151,151,primary data,"Kuczynska-Kippen, N","On body size and habitat selection in rotifers in a macrophye-dominated lake Budzynskie, Poland",AQUATIC ECOLOGY,2005,39,4,447,454,10.1007/s10452-005-9003-5,Measuring the difference in rotifer densities in different locations of a lake
152,152,primary data,"Hawkins, PR; Holliday, J; Kathuria, A; Bowling, L",Change in cyanobacterial biovolume due to preservation by Lugol's Iodine,HARMFUL ALGAE,2005,4,6,1033,1043,10.1016/j.hal.2005.03.001,Change in cyanobacterial biovolume due to preservation by Lugol's Iodine
153,153,primary data,"Jankowski, T; Strauss, T; Ratte, HT",Trophic interactions of the freshwater jellyfish Craspedacusta sowerbii,JOURNAL OF PLANKTON RESEARCH,2005,27,8,811,823,10.1093/plankt/fbi055,"The predatory impact and the trophic role of the freshwater jellyfish, Craspedacusta sowerbii, was studied using microcosm and enclosure experiments as well as a 3-year pond survey"
157,157,primary data,"Peña-Castro, JM; Martínez-Jerónimo, F; Esparza-García, F; Cañizares-Villanueva, RO",Phenotypic plasticity in Scenedesmus incrassatulus (Chlorophyceae) in response to heavy metals stress,CHEMOSPHERE,2004,57,11,1629,1636,10.1016/j.chemosphere.2004.06.041,"phenotypic plasticity of Scenedesmus incrassatulus (a non-spiny, four-cell coenobium forming species) in response to EC50 value of copper, cadmium and hexavalent chromium"
159,159,primary data,"Boenigk, J; Stadler, P; Wiedlroither, A; Hahn, MW",Strain-specific differences in the grazing sensitivities of closely related ultramicrobacteria affiliated with the Polynucleobacter cluster,APPLIED AND ENVIRONMENTAL MICROBIOLOGY,2004,70,10,5787,5793,10.1128/AEM.70.10.5787-5793.2004,investigated the sensitivity of ultramicrobacteria affiliated with the cosmopolitan Polynucleobacter cluster to grazing by Spumella-like nanoflagellates.
160,160,primary data,"Mueller, CR; Eversole, AG; Turker, H; Brune, DE",Effect of silver carp Hypophthalmichthys molitrix and freshwater mussel Elliptio complanata filtration on the phytoplankton community of Partitioned Aquaculture System units,JOURNAL OF THE WORLD AQUACULTURE SOCIETY,2004,35,3,372,382,10.1111/j.1749-7345.2004.tb00101.x,examine the phytoplankton in PAS waters that were stocked with silver carp and mussles
162,162,primary data,"Carotenuto, Y; Lampert, W",Ingestion and incorporation of freshwater diatoms by Daphnia pulicaria:: do morphology and oxylipin production matter?,JOURNAL OF PLANKTON RESEARCH,2004,26,5,563,569,10.1093/plankt/fbh053,"In order to explain differences in the growth and reproduction of Daphnia pulicaria fed various freshwater diatoms, we measured ingestion rates and carbon incorporation for six cultured diatom species"
163,163,primary data,"Lemke, AM; Stoeckel, JA; Pegg, MA",Utilization of the exotic cladoceran Daphnia lumholtzi by juvenile fishes in an Illinois River floodplain lake,JOURNAL OF FISH BIOLOGY,2003,62,4,938,954,10.1046/j.1095-8649.2003.00090.x,quantify the utilization of D.lumholtzi by juvenile fishes
165,165,primary data,"Mages, M; Woelfl, S; von Tümpling, W",A method for trace element determination of single Daphnia specimens using total reflection X-ray fluorescence spectrometry,SPECTROCHIMICA ACTA PART B-ATOMIC SPECTROSCOPY,2001,56,11,2209,2217,10.1016/S0584-8547(01)00325-1,Two new preparation techniques for total-reflection X-ray fluorescence (TXRF) element determination of single freshwater crustacean specimens (dry weight: 3–40 μg ind−1) have been developed and tested using Daphnia pulex
167,167,primary data,"Jahan, N; Alam, MGM; Sugiura, N; Norman, CP; Maekawa, T",Seasonal variation in frequency of dividing cells of freshwater phytoplankters,ENVIRONMENTAL TECHNOLOGY,2001,22,4,429,438,10.1080/09593332208618267,Measured the frequency of dividiung cells of phytoplankton seasonally
168,168,primary data,"Gosselain, V; Hamilton, PB; Descy, JP",Estimating phytoplankton carbon from microscopic counts: an application for riverine systems,HYDROBIOLOGIA,2000,438,1-3,75,90,10.1023/A:1004161928957,"we focus on the way to convert biovolume to carbon biomass for algal assemblages of two rivers, using a computerized system that records dimensions of phytoplankton"
172,172,primary data,"Cecchine, G; Snell, TW",Toxicant exposure increases threshold food levels in freshwater rotifer populations,ENVIRONMENTAL TOXICOLOGY,1999,14,5,523,530,10.1002/(SICI)1522-7278(199912)14:5<523::AID-TOX6>3.0.CO;2-2,effect of food limitiation on rotifer sinsitivity to toxicants
173,173,primary data,"Dudycha, JL; Tessier, AJ","Natural genetic variation of life span, reproduction, and juvenile growth in Daphnia",EVOLUTION,1999,53,6,1744,1756,10.2307/2640437,high extrinsic mortality in natural populations shouldselect for accelerated reproductive investment and shortened life span
174,174,primary data,"Pfister, G; Sonntag, B; Posch, T",Comparison of a direct live count and an improved quantitative protargol stain (QPS) in determining abundance and cell volumes of pelagic freshwater protozoa,AQUATIC MICROBIAL ECOLOGY,1999,18,1,95,103,10.3354/ame018095,A direct live count and a routinely applicable modification of a quantitative protargol stain (QPS) were evaluated with respect to their reliability in determining and quantifying pelagic freshwater ciliates and heterotrophic and mixotrophic flagellates. 
178,178,primary data,"Kawabata, K; Urabe, J",Length-weight relationships of eight freshwater planktonic crustacean species in Japan,FRESHWATER BIOLOGY,1998,39,2,199,205,10.1046/j.1365-2427.1998.00267.x,The relationships between body length and dry weight were examined for eight species of freshwater planktonic crustacea common in Japan
179,179,primary data,"Ryan, SM; Dodson, SI",Seasonal analysis of Daphnia pulicaria swimming behavior,HYDROBIOLOGIA,1998,384,,111,118,10.1023/A:1003295210747, individual swimming behavior of Daphnia pulicaria over a yearly cycle in a temperate lake
180,180,primary data,"Telesh, IV; Rahkola, M; Viljanen, M",Carbon content of some freshwater rotifers,HYDROBIOLOGIA,1998,387,,355,360,10.1023/A:1017092021816,Carbon content of rotifers from 14 species was determined with the high temperature combustion method of Salonen
182,182,primary data,"Weisse, T; Kirchhoff, B",Feeding of the heterotrophic freshwater dinoflagellate Peridiniopsis berolinense on cryptophytes: Analysis by flow cytometry and electronic particle counting,AQUATIC MICROBIAL ECOLOGY,1997,12,2,153,164,10.3354/ame012153,"e measured feeding rates and food select~vlty of the heterotrophic freshwater dinoflagellate Peridiniopsis berolinense by analytic flow cytometry (AFC), electronic particle counting and
sizing (EPCS), and conventional microscopy. "
185,185,primary data,"Macek, M; Simek, K; Pernthaler, J; Vyhnalek, V; Psenner, R",Growth rates of dominant planktonic ciliates in two freshwater bodies of different trophic degree,JOURNAL OF PLANKTON RESEARCH,1996,18,4,463,481,10.1093/plankt/18.4.463,The in situ growth rates of dominant ciliate species were studied during and shortly after phytoplankton peaks in two water bodies
189,189,primary data,"HART, RC; JARVIS, AC",INSITU DETERMINATIONS OF BACTERIAL SELECTIVITY AND FILTRATION-RATES BY 5 CLADOCERAN ZOOPLANKTERS IN A HYPERTROPHIC SUBTROPICAL RESERVOIR,JOURNAL OF PLANKTON RESEARCH,1993,15,3,295,315,10.1093/plankt/15.3.295,Cladoceran in situ feeding rates on natural bacteria labelled with [methyl-3H] were studied
191,191,primary data,"MULLER, H; GELLER, W",MAXIMUM GROWTH-RATES OF AQUATIC CILIATED PROTOZOA - THE DEPENDENCE ON BODY SIZE AND TEMPERATURE RECONSIDERED,ARCHIV FUR HYDROBIOLOGIE,1993,126,3,315,327,NA6,Measuring maximum growth rates of freshwater cilliates
192,192,primary data,"VAQUE, D; PACE, ML",GRAZING ON BACTERIA BY FLAGELLATES AND CLADOCERANS IN LAKES OF CONTRASTING FOOD-WEB STRUCTURE,JOURNAL OF PLANKTON RESEARCH,1992,14,2,307,321,10.1093/plankt/14.2.307,tested the hypothesis that grazing on bacteria would vary between lakes with differing plankton community structures
193,193,primary data,"SHERR, EB; SHERR, BF; BERMAN, T; HADAS, O","HIGH ABUNDANCE OF PICOPLANKTON-INGESTING CILIATES DURING LATE FALL IN LAKE KINNERET, ISRAEL",JOURNAL OF PLANKTON RESEARCH,1991,13,4,789,799,10.1093/plankt/13.4.789,composition of lake kinneret
194,194,primary data,"MACISAAC, HJ; GILBERT, JJ",DISCRIMINATION BETWEEN EXPLOITATIVE AND INTERFERENCE COMPETITION BETWEEN CLADOCERA AND KERATELLA-COCHLEARIS,ECOLOGY,1991,72,3,924,937,10.2307/1940594,assessed the relative extent by which small- and large-bodied cladocerans suppressed the rotifer Keratella cochlearis by t
195,195,primary data,"CHOWFRASER, P; MALY, EJ","FACTORS GOVERNING CLUTCH SIZE IN 2 SPECIES OF DIAPTOMUS (COPEPODA, CALANOIDA)",CANADIAN JOURNAL OF FISHERIES AND AQUATIC SCIENCES,1991,48,3,364,370,10.1139/f91-048,"conducted a synoptic survey of 1 1 wonstratifying lakes in eastern Quebec to investigate the relative importance of water temperature, food concentration ([Chi a]), female prosome length, copepod density (population and community densities), and mate availability (sex ratio and density of males) in determining the clutch size of two freshwater copepods, Biaptsmus minutus and B. sregsasensis"
196,196,primary data,"GIANI, A",IMPLICATIONS OF PHYTOPLANKTON CHEMICAL-COMPOSITION FOR ZOOPLANKTON PRODUCTION - EXPERIMENTAL-EVIDENCE,OECOLOGIA,1991,87,3,409,416,10.1007/BF00634599,"Growth and reproduction of two Daphnia species (Cladocera) from Lake Constance were measured experimentally in a through-flow laboratory system under different food conditions, in order to investigate the effect of food quality on zooplankton populations"
198,198,primary data,"ROCHA, O; DUNCAN, A",THE RELATIONSHIP BETWEEN CELL CARBON AND CELL-VOLUME IN FRESH-WATER ALGAL SPECIES USED IN ZOOPLANKTONIC STUDIES,JOURNAL OF PLANKTON RESEARCH,1985,7,2,279,294,10.1093/plankt/7.2.279,New records of cell carbon and cell volume are given for five species of freshwater algae cultured optimally for use in physiological studies on Daphnia spp.
199,199,primary data,"SMITH, REH; KALFF, J",COMPETITION FOR PHOSPHORUS AMONG CO-OCCURRING FRESH-WATER PHYTOPLANKTON,LIMNOLOGY AND OCEANOGRAPHY,1983,28,3,448,464,10.4319/lo.1983.28.3.0448,Competition at different levels of phosphorus availability was observed in continuous cultures of freshwater phytoplankton communities
202,202,secondary data - with data,"Weisse, T","Physiological mortality of planktonic ciliates: Estimates, causes, and consequences",LIMNOLOGY AND OCEANOGRAPHY,2024,69,3,524,532,10.1002/lno.12503,
203,203,secondary data - with data,"Denys, L; De Smet, WH","Diversity, Composition and Environmental Relations of Periphytic Rotifer Assemblages in Lentic Freshwater Bodies (Flanders, Lower Belgium)",DIVERSITY-BASEL,2023,15,12,,,10.3390/d15121214,
204,204,secondary data - with data,"Monjot, A; Bronner, G; Courtine, D; Cruaud, C; Da Silva, C; Aury, JM; Gavory, F; Moné, A; Vellet, A; Wawrzyniak, I; Colombet, J; Billard, H; Debroas, D; Lepère, C",Functional diversity of microbial eukaryotes in a meromictic lake: Coupling between metatranscriptomic and a trait-based approach,ENVIRONMENTAL MICROBIOLOGY,2023,25,12,3406,3422,10.1111/1462-2920.16531,
205,205,secondary data - with data,"Bautista-Regil, J; Sánchez, AJ; Salcedo, MA; Arredondo-Vega, BO; Ruiz-Carrera, V",Lipid Prospection Based on the Cellular Size of Phytoplankton Communities from Tropical Freshwater Ecosystems: A Systematic Literature Review,WATER,2023,15,21,,,10.3390/w15213774,
206,206,secondary data - with data (lmp),"Santangeli, A; Weigel, B; Anto, LH; Kaarlejärvi, E; Hällfors, M; Lehikoinen, A; Lindén, A; Salemaa, M; Tonteri, T; Merilä, P; Vuorio, K; Ovaskainen, O; Vanhatalo, J; Roslin, T; Saastamoinen, M",Mixed effects of a national protected area network on terrestrial and freshwater biodiversity,NATURE COMMUNICATIONS,2023,14,1,,,10.1038/s41467-023-41073-4,
207,207,secondary data - with data,"Tóth, F; Zsuga, K; Kerepeczki, E; Kovács, B; Magura, T; Körmöczi, L; Lövei, GL",Discordant spatiotemporal dynamics of functional and phylogenetic diversity of rotiferan communities exposed to aquaculture effluent,ECOLOGY AND EVOLUTION,2023,13,9,,,10.1002/ece3.10503,
208,208,secondary data - with data,"Zhu, YM; Qi, QS; Lu, XX; Fan, YW; Liu, Y; Tan, X",Local environmental variables outperform spatial and land use pattern in the maintenance and assembly of phytoplankton communities in the wetland cluster,JOURNAL OF CLEANER PRODUCTION,2023,419,,,,10.1016/j.jclepro.2023.138275,
211,211,secondary data - with data (lmp),"Weigel, B; Kotamäki, N; Malve, O; Vuorio, K; Ovaskainen, O",Macrosystem community change in lake phytoplankton and its implications for diversity and function,GLOBAL ECOLOGY AND BIOGEOGRAPHY,2023,32,2,295,309,10.1111/geb.13626,
212,212,secondary data - just sources,"Bonilla, S; Aguilera, A; Aubriot, L; Huszar, V; Almanza, V; Haakonsson, S; Izaguirre, I; O'Farrell, I; Salazar, A; Becker, V; Cremella, B; Ferragut, C; Hernandez, E; Palacio, H; Rodrigues, LC; da Silva, LHS; Santana, LM; Santos, J; Somma, A; Ortega, L; Antoniades, D",Nutrients and not temperature are the key drivers for cyanobacterial biomass in the Americas,HARMFUL ALGAE,2023,121,,,,10.1016/j.hal.2022.102367,
214,214,secondary data - with data,"Pompeu, CR; Peñas, FJ; Goldenberg-Vilar, A; Alvarez-Cabria, M; Barquín, J",Assessing the effects of irrigation and hydropower dams on river communities using taxonomic and multiple trait-based approaches,ECOLOGICAL INDICATORS,2022,145,,,,10.1016/j.ecolind.2022.109662,
216,216,secondary data - with data,"Ben Othman, H; Pick, FR; Hlaili, AS; Leboulanger, C",Effects of polycyclic aromatic hydrocarbons on marine and freshwater microalgae - A review,JOURNAL OF HAZARDOUS MATERIALS,2023,441,,,,10.1016/j.jhazmat.2022.129869,
217,217,secondary data - with data,"Gu, YB; Liu, ZH; Li, JS; Meng, DL; Yuan, HJ; Zhang, M; Zhang, HT; Yin, HQ; Cong, J; Xiao, NW","Body size as key trait determining aquatic metacommunity assemblies in benthonic and planktonic habitats of Dongting Lake, China",ECOLOGICAL INDICATORS,2022,143,,,,10.1016/j.ecolind.2022.109355,
218,218,secondary data - with data,"Paquette, C; Griffiths, K; Gregory-Eaves, I; Beisner, BE",Zooplankton assemblage structure and diversity since pre-industrial times in relation to land use,GLOBAL ECOLOGY AND BIOGEOGRAPHY,2022,31,11,2337,2352,10.1111/geb.13575,
219,219,primary data and secondary data - with data,"Lu, XT; Weisse, T",Top-down control of planktonic ciliates by microcrustacean predators is stronger in lakes than in the ocean,SCIENTIFIC REPORTS,2022,12,1,,,10.1038/s41598-022-14301-y,
220,220,secondary data - just sources (lmp),"Kovalenko, KE; Reavie, ED",Taxonomic bias in freshwater phytoplankton communities and its effect on environmental assessment metrics,PHYCOLOGIA,2022,61,4,436,443,10.1080/00318884.2022.2073077,
221,221,secondary data - with data,"Krzton, W; Kosiba, J; Wilk-Wozniak, E",Features that matter: studying how phytoplankton drives zooplankton community functional traits,HYDROBIOLOGIA,2022,849,12,2647,2662,10.1007/s10750-022-04863-3,
223,223,secondary data - just sources,"Wijewardene, L; Wu, NA; Hormann, G; Messyasz, B; Riis, T; Hölzel, C; Ulrich, U; Fohrer, N",Effects of the herbicides metazachlor and flufenacet on phytoplankton communities - A microcosm assay,ECOTOXICOLOGY AND ENVIRONMENTAL SAFETY,2021,228,,,,10.1016/j.ecoenv.2021.113036,
224,224,secondary data - just sources (lmp),"Moody, EK; Butts, TJ; Fleck, R; Jeyasingh, PD; Wilkinson, GM",Eutrophication-driven eco-evolutionary dynamics indicated by differences in stoichiometric traits among populations of Daphnia pulicaria,FRESHWATER BIOLOGY,2022,67,2,353,364,10.1111/fwb.13845,
225,225,secondary data - just sources,"Stockenreiter, M; Navarro, JI; Buchberger, F; Stibor, H",Community shifts from eukaryote to cyanobacteria dominated phytoplankton: The role of mixing depth and light quality,FRESHWATER BIOLOGY,2021,66,11,2145,2157,10.1111/fwb.13822,
228,228,secondary data - with data,"Vagnon, C; Cattanéo, F; Goulon, C; Grimardias, D; Guillard, J; Frossard, V",An allometric niche model for species interactions in temperate freshwater ecosystems,ECOSPHERE,2021,12,3,,,10.1002/ecs2.3420,
229,229,primary data,"Borics, G; Lerf, V; T-Krasznai, E; Stankovic, I; Pickó, L; Béres, V; Várbíró, G","Biovolume and surface area calculations for microalgae, using realistic 3D models",SCIENCE OF THE TOTAL ENVIRONMENT,2021,773,,,,10.1016/j.scitotenv.2021.145538,
230,230,primary data,"Loewen, CJG; Vinebrooke, RD; Zurawell, RW",Quantifying seasonal succession of phytoplankton trait-environment associations in human-altered landscapes,LIMNOLOGY AND OCEANOGRAPHY,2021,66,4,1409,1423,10.1002/lno.11694,
231,231,primary data,"Gutierrez, MF; Simoes, NR; Frau, D; Saigo, M; Licursi, M",Responses of stream zooplankton diversity metrics to eutrophication and temporal environmental variability in agricultural catchments,ENVIRONMENTAL MONITORING AND ASSESSMENT,2020,192,12,,,10.1007/s10661-020-08766-5,
232,232,secondary data - just sources (lmp),"Su, HJ; Wang, R; Feng, YH; Li, YL; Li, Y; Chen, J; Xu, C; Wang, SP; Fang, JY; Xie, P","Long-term empirical evidence, early warning signals and multiple drivers of regime shifts in a lake ecosystem",JOURNAL OF ECOLOGY,2021,109,9,3182,3194,10.1111/1365-2745.13544,
233,233,secondary data - with data,"Braghin, LDM; Dias, JD; Simoes, NR; Bonecker, CC","Food availability, depth, and turbidity drive zooplankton functional diversity over time in a Neotropical floodplain",AQUATIC SCIENCES,2020,83,1,,,10.1007/s00027-020-00763-7,
238,238,primary data,"Alcantara, I; Piccini, CB; Segura, AM; Deus, S; González, C; de la Escalera, GM; Kruk, C",Improved biovolume estimation of Microcystis aeruginosa colonies: A statistical approach,JOURNAL OF MICROBIOLOGICAL METHODS,2018,151,,20,27,10.1016/j.mimet.2018.05.021,
240,240,secondary data - with data,"Bestová, H; Munoz, F; Svoboda, P; Skaloud, P; Violle, C",Ecological and biogeographical drivers of freshwater green algae biodiversity: from local communities to large-scale species pools of desmids,OECOLOGIA,2018,186,4,1017,1030,10.1007/s00442-018-4074-x,
244,244,secondary data - with data,"Kruk, C; Devercelli, M; Huszar, VLM; Hernández, E; Beamud, G; Diaz, M; Silva, LHS; Segura, AM",Classification of Reynolds phytoplankton functional groups using individual traits and machine learning techniques,FRESHWATER BIOLOGY,2017,62,10,1681,1692,10.1111/fwb.12968,
246,246,secondary data - with data,"Lokko, K; Virro, T; Kotta, J",Seasonal variability in the structure and functional diversity of psammic rotifer communities: role of environmental parameters,HYDROBIOLOGIA,2017,796,1,287,307,10.1007/s10750-016-2923-3,
251,251,secondary data - with data,"Horne, CR; Hirst, AG; Atkinson, D; Neves, A; Kiorboe, T",A global synthesis of seasonal temperature-size responses in copepods,GLOBAL ECOLOGY AND BIOGEOGRAPHY,2016,25,8,988,999,10.1111/geb.12460,
253,253,secondary data - with data,"Kalinoski, RM; DeLong, JP",Beyond body mass: how prey traits improve predictions of functional response parameters,OECOLOGIA,2016,180,2,543,550,10.1007/s00442-015-3487-z,
255,255,secondary data - with data,"Riessen, HP",Water temperature alters predation risk and the adaptive landscape of induced defenses in plankton communities,LIMNOLOGY AND OCEANOGRAPHY,2015,60,6,2037,2047,10.1002/lno.10150,
256,256,secondary data - just sources (lmp),"Doubek, JP; Carey, CC; Cardinale, BJ",Anthropogenic land use is associated with N-fixing cyanobacterial dominance in lakes across the continental United States,AQUATIC SCIENCES,2015,77,4,681,694,10.1007/s00027-015-0411-x,
258,258,secondary data - just sources,"Schramski, JR; Dell, AI; Grady, JM; Sibly, RM; Brown, JH",Metabolic theory predicts whole-ecosystem properties,PROCEEDINGS OF THE NATIONAL ACADEMY OF SCIENCES OF THE UNITED STATES OF AMERICA,2015,112,8,2617,2622,10.1073/pnas.1423502112,
259,259,secondary data - just sources,"Quintana, XD; Arim, M; Badosa, A; Blanco, JM; Boix, D; Brucet, S; Compte, J; Egozcue, JJ; de Eyto, E; Gaedke, U; Gascón, S; de Sola, LG; Irvine, K; Jeppesen, E; Lauridsen, TL; López-Flores, R; Mehner, T; Romo, S; Sondergaard, M",Predation and competition effects on the size diversity of aquatic communities,AQUATIC SCIENCES,2015,77,1,45,57,10.1007/s00027-014-0368-1,
260,260,secondary data - with data,"Kistenich, S; Dressler, M; Zimmermann, J; Hübener, T; Bastrop, R; Jahn, R",An investigation into the morphology and genetics of Cyclotella comensis and closely related taxa,DIATOM RESEARCH,2014,29,4,423,440,10.1080/0269249X.2014.922125,
261,261,secondary data - with data,"Nakov, T; Theriot, EC; Alverson, AJ",Using phylogeny to model cell size evolution in marine and freshwater diatoms,LIMNOLOGY AND OCEANOGRAPHY,2014,59,1,79,86,10.4319/lo.2014.59.1.0079,
262,262,secondary data - just sources (lmp),"Rigosi, A; Carey, CC; Ibelings, BW; Brookes, JD",The interaction between climate warming and eutrophication to promote cyanobacteria is dependent on trophic state and varies among taxa,LIMNOLOGY AND OCEANOGRAPHY,2014,59,1,99,114,10.4319/lo.2014.59.1.0099,
263,263,secondary data - with data,"Sastri, AR; Juneau, P; Beisner, BE",Evaluation of chitobiase-based estimates of biomass and production rates for developing freshwater crustacean zooplankton communities,JOURNAL OF PLANKTON RESEARCH,2013,35,2,407,420,10.1093/plankt/fbs104,
264,264,secondary data - just sources,"Sommer, U; Adrian, R; Bauer, B; Winder, M",The response of temperate aquatic ecosystems to global warming: novel insights from a multidisciplinary project,MARINE BIOLOGY,2012,159,11,2367,2377,10.1007/s00227-012-2085-4,
266,266,loads of sources,"Edwards, KF; Thomas, MK; Klausmeier, CA; Litchman, E",Allometric scaling and taxonomic variation in nutrient utilization traits and maximum growth rate of phytoplankton,LIMNOLOGY AND OCEANOGRAPHY,2012,57,2,554,566,10.4319/lo.2012.57.2.0554,
267,267,loads of sources,"Edwards, KF; Klausmeier, CA; Litchman, E",Evidence for a three-way trade-off between nitrogen and phosphorus competitive abilities and cell size in phytoplankton,ECOLOGY,2011,92,11,2085,2095,10.1890/11-0395.1,
268,268,secondary data - with data,"Schwaderer, AS; Yoshiyama, K; Pinto, PT; Swenson, NG; Klausmeier, CA; Litchman, E",Eco-evolutionary differences in light utilization traits and distributions of freshwater phytoplankton,LIMNOLOGY AND OCEANOGRAPHY,2011,56,2,589,598,10.4319/lo.2011.56.2.0589,
269,269,secondary data - with data,"Bruggeman, J",A PHYLOGENETIC APPROACH TO THE ESTIMATION OF PHYTOPLANKTON TRAITS,JOURNAL OF PHYCOLOGY,2011,47,1,52,65,10.1111/j.1529-8817.2010.00946.x,
270,270,secondary data - just sources,"Shurin, JB; Cottenie, K; Hillebrand, H",Spatial autocorrelation and dispersal limitation in freshwater organisms,OECOLOGIA,2009,159,1,151,159,10.1007/s00442-008-1174-z,
271,271,secondary data - with data,"Barnett, AJ; Finlay, K; Beisner, BE",Functional diversity of crustacean zooplankton communities: towards a trait-based classification,FRESHWATER BIOLOGY,2007,52,5,796,813,10.1111/j.1365-2427.2007.01733.x,
275,275,secondary data - with data,"Gillooly, JF; Dodson, SI","Latitudinal patterns in the size distribution and seasonal dynamics of new world, freshwater cladocerans",LIMNOLOGY AND OCEANOGRAPHY,2000,45,1,22,30,10.4319/lo.2000.45.1.0022,
279,279,secondary data - with data,"MalinskyRushansky, NZ; Legrand, C",Excretion of dissolved organic carbon by phytoplankton of different sizes and subsequent bacterial uptake,MARINE ECOLOGY PROGRESS SERIES,1996,132,1-3,249,255,10.3354/meps132249,
281,281,secondary data - with data,"KOIVISTO, S",IS DAPHNIA-MAGNA AN ECOLOGICALLY REPRESENTATIVE ZOOPLANKTON SPECIES IN TOXICITY TESTS,ENVIRONMENTAL POLLUTION,1995,90,2,263,267,10.1016/0269-7491(95)00029-Q,
283,283,secondary data - with data,"CHOWFRASER, P; SPRULES, WG","TYPE-3 FUNCTIONAL-RESPONSE IN LIMNETIC SUSPENSION-FEEDERS, AS DEMONSTRATED BY INSITU GRAZING RATES",HYDROBIOLOGIA,1992,232,3,175,191,10.1007/BF00013703,
284,284,secondary data - with data,"HART, RC","COPEPOD POSTEMBRYONIC DURATIONS - PATTERN, CONFORMITY, AND PREDICTABILITY - THE REALITIES OF ISOCHRONAL AND EQUIPROPORTIONAL DEVELOPMENT, AND TRENDS IN THE COPEPODID-NAUPLIAR DURATION RATIO",HYDROBIOLOGIA,1990,206,3,175,206,10.1007/BF00014085,
285,285,,"Cabrera, M; Capparelli, M; Ortega-Andrade, M; Medina-Villamizar, EJ; Rico, A",Effects of the insecticide imidacloprid on aquatic invertebrate communities of the Ecuadorian Amazon,ENVIRONMENTAL POLLUTION,2024,357,,,,10.1016/j.envpol.2024.124459,
286,286,,"Huynh, TH; Horváth, Z; Pálffy, K; Kardos, V; Szabó, B; Dobosy, P; Vad, CF",Heatwave-induced functional shifts in zooplankton communities result in weaker top-down control on phytoplankton,ECOLOGY AND EVOLUTION,2024,14,8,,,10.1002/ece3.70096,
287,287,,"Weisse, T",Thermal response of freshwater ciliates: Can they survive at elevated lake temperatures?,FRESHWATER BIOLOGY,2024,NA,,,,10.1111/fwb.14302,
288,288,,"Diel, P; Kiene, M; Laforsch, C",Variation in defensive spines across juvenile instars of Daphnia magna,JOURNAL OF PLANKTON RESEARCH,2024,46,4,452,458,10.1093/plankt/fbae033,
289,289,,"Gurung, A; Mukherjee, S; Declercq, M; Souffreau, C; De Meester, L",Strain-dependent and host genotype-dependent priority effects in gut microbiome assembly affect host fitness in Daphnia,LIMNOLOGY AND OCEANOGRAPHY,2024,NA,,,,10.1002/lno.12614,
290,290,,"Paris, L; Dutaut, M; Coly, S; Foltier, D; Gire, B; Coulon, M; Thouvenot, A; Latour, D; Legrand, B",Effect of water temperature on the signal of a phycocyanin probe and correction factor applied to three morphotypes to improve field monitoring of cyanobacteria,ALGAL RESEARCH-BIOMASS BIOFUELS AND BIOPRODUCTS,2024,82,,,,10.1016/j.algal.2024.103599,
291,291,,"Ma, MD; Li, JX; Lu, AR; Zhu, PX; Yin, XW",Effects of phytoplankton diversity on resource use efficiency in a eutrophic urban river of Northern China,FRONTIERS IN ENVIRONMENTAL SCIENCE,2024,12,,,,10.3389/fenvs.2024.1389220,
292,292,,"Bazin, S; Diouloufet, V; Molina, A; Peroux, T; Montoya, JM; Blanchet, S; Edeline, E; Jacquet, S; Rasconi, S; Fayolle, S; Campana, M; Zambeaux, T; Leclerc, C; Lassus, R; Morla, J; Daufresne, M; Sentis, A",Direct effect of artificial warming on communities is stronger than its indirect effect through body mass reduction,OIKOS,2024,NA,,,,10.1111/oik.10561,
293,293,,"Lejeune, B; Lepoint, G; Denoël, M",Food web collapse and regime shift following goldfish introduction in permanent ponds,GLOBAL CHANGE BIOLOGY,2024,30,7,,,10.1111/gcb.17435,
294,294,,"Kiene, M; Schott, M; Martin-Creuzburg, D; Laforsch, C",Food quantity and quality modulates inducible defenses in a common predator-prey system,LIMNOLOGY AND OCEANOGRAPHY,2024,69,7,1535,1546,10.1002/lno.12595,
295,295,,"Dos Santos, NG; Chiarelli, LJ; Morari, PHR; de Souza, MET; Calixto, G; Kato, BED; Rodrigues, GLD; Figueira, LC; Castilho-Noll, MSM",How land use affects freshwater zooplankton communities: a global overview,HYDROBIOLOGIA,2024,NA,,,,10.1007/s10750-024-05562-x,
296,296,,"Akter, S; Wilfert, K; Saliu, OR; Schoelynck, J; De Boeck, G",Feeding on stressed algae exerts important effects on life history traits of Daphnia magna in a multi-stressor environment,AQUATIC TOXICOLOGY,2024,273,,,,10.1016/j.aquatox.2024.106988,
297,297,,"Huang, J; Gu, L; Sun, YF; Zhang, L; Huang, Y; Yang, Z",Declining aqueous calcium and fish predation risk interactively modify the phenotypic plasticity in Daphnia pulex,ENVIRONMENTAL POLLUTION,2024,356,,,,10.1016/j.envpol.2024.124266,
298,298,,"Quevedo-Ortiz, G; Fernández-Calero, J; Cañedo-Argüelles, M; von Schiller, D; Fortuño, P; Bonada, N; Gomà, J",An experimental study to assess resistance and resilience strategies of freshwater diatoms to cope with drying in Mediterranean temporary rivers,HYDROBIOLOGIA,2024,NA,,,,10.1007/s10750-024-05585-4,
299,299,,"Bulut, H; Saler, S",BODY SIZE VARIATIONS OF DAPHNIA CUCULLATA SARS IN A RESERVOIR (ELAZIG-TURKIYE),APPLIED ECOLOGY AND ENVIRONMENTAL RESEARCH,2024,NA,,,,10.15666/aeer/2204_32053215,
300,300,,"Nauman, C; Stanislawczyk, K; Reitz, LA; Chaffin, JD",The spatiotemporal distribution of potential saxitoxin-producing cyanobacteria in western Lake Erie,JOURNAL OF GREAT LAKES RESEARCH,2024,50,3,,,10.1016/j.jglr.2024.102342,
301,301,,"Procházková, P; Kalcíková, G; Marsálková, E; Gargosová, HZ; Kucerík, J",Innovative approach for quantitative determination of ingested microplastics by Daphnia magna: use of differential scanning calorimetry and thermogravimetry,JOURNAL OF THERMAL ANALYSIS AND CALORIMETRY,2024,NA,,,,10.1007/s10973-024-12985-0,
302,302,,"Gammuto, L; Serra, V; Petroni, G; Todaro, MA","Molecular phylogenetic position and description of a new genus and species of freshwater Chaetonotidae (Gastrotricha: Chaetonotida: Paucitubulatina), and the annotation of its mitochondrial genome",INVERTEBRATE SYSTEMATICS,2024,38,7,,,10.1071/IS23059,
303,303,,"Yang, LJ; Tao, Y; Jiang, X; Wang, Y; Li, YH; Zhou, L; Wang, PZ; Li, YY; Zhao, X; Wang, HJ; Jeppesen, E; Xie, P",Interactive effects of nutrients and salinity on zooplankton in subtropical plateau lakes with contrasting water depth,FRONTIERS IN ENVIRONMENTAL SCIENCE,2023,11,,,,10.3389/fenvs.2023.1110746,
304,304,,"Pasternak, A; Drits, A; Arashkevich, E; Flint, M",Differential Impact of the Khatanga and Lena (Laptev Sea) Runoff on the Distribution and Grazing of Zooplankton,FRONTIERS IN MARINE SCIENCE,2022,9,,,,10.3389/fmars.2022.881383,
305,305,,"Baho, DL; Leu, E; Pomati, F; Hessen, DO; Norberg, J; Moe, SJ; Skjelbred, B; Nizzetto, L",Resilience of Natural Phytoplankton Communities to Pulse Disturbances from Micropollutant Exposure and Vertical Mixing,ENVIRONMENTAL TOXICOLOGY AND CHEMISTRY,2019,38,10,2197,2208,10.1002/etc.4536,
306,306,,"Grosbois, G; Mariash, H; Schneider, T; Rautio, M",Under-ice availability of phytoplankton lipids is key to freshwater zooplankton winter survival,SCIENTIFIC REPORTS,2017,7,,,,10.1038/s41598-017-10956-0,
307,307,,"Xu, DL; Cai, Y; Jiang, H; Wu, XQ; Leng, X; An, SQ","Variations of Food Web Structure and Energy Availability of Shallow Lake with Long-Term Eutrophication: A Case Study from Lake Taihu, China",CLEAN-SOIL AIR WATER,2016,44,10,1306,1314,10.1002/clen.201300837,
308,308,,"Ikeda, T",Synthesis towards a global-bathymetric model of metabolism and chemical composition of mysid crustaceans,JOURNAL OF EXPERIMENTAL MARINE BIOLOGY AND ECOLOGY,2013,445,,79,87,10.1016/j.jembe.2013.04.001,
309,309,,"Sterner, RW; Schwalbach, MS",Diel integration of food quality by Daphnia:: Luxury consumption by a freshwater planktonic herbivore,LIMNOLOGY AND OCEANOGRAPHY,2001,46,2,410,416,10.4319/lo.2001.46.2.0410,
310,310,,"Ignatow, M; Mbahinzireki, G; Lehman, JT","Secondary production and energetics of the shrimp Caridina nilotica in Lake Victoria, East Africa: Model development and application",HYDROBIOLOGIA,1996,332,3,175,181,10.1007/BF00031923,
311,311,,"Young, BL; Padilla, DK; Schneider, DW; Hewett, SW",The importance of size-frequency relationships for predicting ecological impact of zebra mussel populations,HYDROBIOLOGIA,1996,332,3,151,158,10.1007/BF00031920,
312,312,,"HORNE, MT; DUNSON, WA","THE INTERACTIVE EFFECTS OF LOW PH, TOXIC METALS, AND DOC ON A SIMULATED TEMPORARY POND COMMUNITY",ENVIRONMENTAL POLLUTION,1995,89,2,155,161,10.1016/0269-7491(94)00057-K,
313,313,,"CARPENTER, A","POPULATION BIOLOGY OF THE FRESH-WATER SHRIMP PARATYA-CURVIROSTRIS (HELLER, 1862) (DECAPODA, ATYIDAE)",NEW ZEALAND JOURNAL OF MARINE AND FRESHWATER RESEARCH,1983,17,2,147,158,10.1080/00288330.1983.9515992,
314,314,,"HALLEGRAEFF, GM",COMPARISON OF DIFFERENT METHODS USED FOR QUANTITATIVE-EVALUATION OF BIOMASS OF FRESHWATER PHYTOPLANKTON,HYDROBIOLOGIA,1977,55,2,145,165,10.1007/BF00021056,
315,315,,"Tian, W; Zhang, HY; Wang, ZY; Tian, YL; Huang, TS","Analysis on the stability of plankton in a food web with empirical organism body mass distribution (Oct, 10.1007/s11356-022-23696-0, 2022)",ENVIRONMENTAL SCIENCE AND POLLUTION RESEARCH,2023,30,8,21344,21344,10.1007/s11356-022-24030-4,
316,316,,"DAVEY, MC",THE EFFECTS OF NUTRIENT DEPLETION ON THE SINKING VELOCITY AND CELLULAR COMPOSITION OF A FRESH-WATER DIATOM,ARCHIV FUR HYDROBIOLOGIE,1988,112,3,321,334,,